Date,actual_return,VaR_Historical,VaR_Parametric,VaR_MonteCarlo,VaR_GARCH,ES_97_5,Historical_violation,Parametric_violation,MonteCarlo_violation,GARCH_violation
2022-01-04,0.013206536225035,0.016373947374627024,0.014182475491059575,0.01394330646296363,0.011181150217639553,0.013623570258045347,0,0,0,0
2022-01-05,-0.0124037953280026,0.016373947374627024,0.014209511798320234,0.01446298739584667,0.01403320931469498,0.017028546304792305,0,0,0,0
2022-01-06,0.0015733047747226,0.016373947374627024,0.014363451129950478,0.01452659115975,0.01681365503577897,0.020332179183858084,0,0,0,0
2022-01-07,-0.0022784387384767,0.016373947374627024,0.014366123622344303,0.014203986076350858,0.014603126739299086,0.017693355177781114,0,0,0,0
2022-01-10,-0.0102109712482044,0.016373947374627024,0.0143945244700379,0.014249588549289361,0.01344978658889382,0.016310695139999845,0,0,0,0
2022-01-11,0.0009744610585429,0.016373947374627024,0.014510661439331742,0.014939394466288518,0.015257188566599592,0.018457603405956067,0,0,0,0
2022-01-12,0.0075340000876588,0.016373947374627024,0.014509338431426983,0.014467634442135745,0.013639425889000916,0.016527124558506957,0,0,0,0
2022-01-13,-0.0119825015761583,0.016373947374627024,0.014503322505393518,0.014256677930825908,0.013365229583743874,0.01620427710159829,0,0,0,0
2022-01-14,0.0006640327222259,0.016373947374627024,0.014601342727123733,0.014309045655471342,0.016021298885948748,0.019368462409271814,0,0,0,0
2022-01-18,-0.0285101669409236,0.016373947374627024,0.014610801193160316,0.014606414255459858,0.014229897862188626,0.01722467494940929,1,1,1,1
2022-01-19,-0.0028726049594835,0.016904253416369027,0.015159896066787207,0.01515179654229837,0.027107080408771564,0.032572778974066054,0,0,0,0
2022-01-20,0.0010911250211676,0.016904253416369027,0.015186746042778324,0.014758109217320212,0.022451213344826585,0.02701496964067192,0,0,0,0
2022-01-21,-0.0081776881682612,0.016904253416369027,0.015194030079958051,0.015582814620225245,0.018982399376295516,0.022870825271323638,0,0,0,0
2022-01-24,-0.0104502110800753,0.016904253416369027,0.01523607421222798,0.015507009656182213,0.018010131770475394,0.021711484408263884,0,0,0,0
2022-01-25,0.0086387018767486,0.016904253416369027,0.01535155246536566,0.015504849739019411,0.018186631357338154,0.021912832340460563,0,0,0,0
2022-01-26,-0.0010667333391231,0.016904253416369027,0.015357198890728103,0.015509053436981758,0.016988005290913454,0.020482490040178263,0,0,0,0
2022-01-27,-0.0063641762625918,0.016904253416369027,0.015362788464581492,0.015514955269901539,0.015235212961958247,0.018389729465342286,0,0,0,0
2022-01-28,0.0148078778892281,0.016904253416369027,0.015404021434398235,0.015727634896373202,0.014995394733695428,0.018098725936904335,0,0,0,0
2022-02-07,0.0124483890265897,0.016904253416369027,0.015412660405098736,0.015647536695071403,0.017173690821841094,0.02070854950332312,0,0,0,0
2022-02-08,0.0057349693550765,0.016904253416369027,0.015388663386962043,0.015492809671908922,0.01765900137953612,0.021284173933816014,0,0,0,0
2022-02-09,0.0097684474187447,0.016904253416369027,0.015385358829998502,0.015316816362735427,0.015967051245561577,0.019266661814287944,0,0,0,0
2022-02-10,-0.0094438108268897,0.016904253416369027,0.015380485535978029,0.015272731286470477,0.01581037759106195,0.019083940195376455,0,0,0,0
2022-02-11,-0.0112643988326842,0.016904253416369027,0.015481745997582752,0.015846194969808186,0.016493311620210633,0.01988692771064623,0,0,0,0
2022-02-14,-0.011818560293055,0.016904253416369027,0.015594230289915276,0.015882601377306235,0.017622200032040257,0.02122460070517114,0,0,0,0
2022-02-15,0.0157153382902646,0.016904253416369027,0.015722097650915035,0.01591111263088059,0.018579948832573093,0.02235667981429691,0,0,0,0
2022-02-16,0.0007724026659532,0.016904253416369027,0.01577095094737267,0.01588571256720834,0.020049575232746714,0.02411397247498309,0,0,0,0
2022-02-17,-0.0054036942021099,0.016904253416369027,0.01574829987630578,0.01631752459451607,0.01741833646470981,0.020969384441831277,0,0,0,0
2022-02-18,-0.0038729104029241,0.016904253416369027,0.015797123479816905,0.015858509831265515,0.016357297434651814,0.019697421206370185,0,0,0,0
2022-02-22,-0.0052236766248945,0.016904253416369027,0.01580912409290454,0.015824893309604328,0.015284477682080803,0.018415937795620684,0,0,0,0
2022-02-23,-0.0060351054031053,0.016904253416369027,0.015850443972523862,0.01580216302966217,0.014759771769976743,0.017784539454459323,0,0,0,0
2022-02-24,0.0018392341996478,0.016904253416369027,0.01588940036612979,0.015844176233746465,0.014540444541210019,0.01752083990231091,0,0,0,0
2022-02-25,0.0127410367419485,0.016904253416369027,0.015875455996394287,0.015940313196561015,0.013193710464777134,0.01591693049883058,0,0,0,0
2022-02-28,-0.0045915551963091,0.016904253416369027,0.01588776491664302,0.015775362697588016,0.015577222861739532,0.018775392712952636,0,0,0,0
2022-03-01,-0.0052319408300902,0.016373947374627024,0.0155626336696307,0.015727950906555255,0.014659844833869978,0.017685267137311087,0,0,0,0
2022-03-02,0.0050114115675358,0.016373947374627024,0.015606417526004746,0.015572798441300982,0.014227596827615591,0.017164696827474606,0,0,0,0
2022-03-03,0.0044273118735892,0.016373947374627024,0.015594170334119271,0.015494520334135176,0.013286600070700962,0.016046328818813696,0,0,0,0
2022-03-04,-0.0039826754926147,0.016005792863327338,0.015376158353159964,0.015524246402813746,0.01252037182092667,0.015143135326160911,0,0,0,0
2022-03-07,-0.0171810388895548,0.016005792863327338,0.015382735368607296,0.014994577582126927,0.01250604624925143,0.015119875471823961,1,1,1,1
2022-03-08,-0.0118259284017402,0.01684916536382985,0.015485245317400934,0.015429146943429306,0.01919184854889533,0.02306922138767107,0,0,0,0
2022-03-09,0.0126970144625258,0.01684916536382985,0.015616632863578398,0.015781490074498177,0.019660648676255773,0.023622211195334166,0,0,0,0
2022-03-10,-0.0005610124225716,0.01684916536382985,0.015629212405142714,0.015299464459964577,0.01953719032368577,0.023482431805773977,0,0,0,0
2022-03-11,-0.0107803381309502,0.01684916536382985,0.015545175556455883,0.01552516712114103,0.016629396017990915,0.020018750761707487,0,0,0,0
2022-03-14,-0.0098588923766417,0.01684916536382985,0.015655831436802364,0.015482804445827612,0.017639791743268053,0.021214734908091636,0,0,0,0
2022-03-15,0.013201469193365,0.01684916536382985,0.015742029934899687,0.015485493737123286,0.017853911777803162,0.02146670825795319,0,0,0,0
2022-03-16,0.0131130146097233,0.01684916536382985,0.015656344063676775,0.01623867546703404,0.018543840122600068,0.022302262730570933,0,0,0,0
2022-03-17,0.0068024404423517,0.01684916536382985,0.01567315973899417,0.015507832925200731,0.019096785215042707,0.02296559536268313,0,0,0,0
2022-03-18,0.008139406838422,0.01684916536382985,0.015583319159223206,0.015703152029358656,0.017003846805563258,0.020458787524392744,0,0,0,0
2022-03-21,0.0083946631649257,0.01684916536382985,0.015552820003683406,0.015210937072031134,0.015959214613022573,0.019219851338059164,0,0,0,0
2022-03-22,0.0085649730126894,0.01684916536382985,0.015497534112698129,0.015432771631152859,0.015347430470651402,0.018497261992234833,0,0,0,0
2022-03-23,-0.0064347045716497,0.01684916536382985,0.015320224843860364,0.015123117994403672,0.014898410963758699,0.01798103592357521,0,0,0,0
2022-03-24,0.0058050097548106,0.01684916536382985,0.01537219900606534,0.015365547328676335,0.014833986295513954,0.017892905124823565,0,0,0,0
2022-03-25,0.0025412010077911,0.01684916536382985,0.015345266922199839,0.015083862484611264,0.013828772047792853,0.016699146880079,0,0,0,0
2022-03-28,-0.0017532482388887,0.01684916536382985,0.01531906831319089,0.015103896192808577,0.012578780568679119,0.015210945647144751,0,0,0,0
2022-03-29,0.0109602554854945,0.01684916536382985,0.015339216117999465,0.015407467317341496,0.011954007394849194,0.014462052464545962,0,0,0,0
2022-03-30,-0.0054736134887044,0.01684916536382985,0.015284341096922801,0.015069888704397091,0.014306140381189518,0.017260877919641378,0,0,0,0
2022-03-31,-0.0075789190076014,0.01684916536382985,0.015326532404127206,0.015014107727033071,0.014065425686318713,0.01697095297008732,0,0,0,0
2022-04-01,0.0094257968681349,0.01684916536382985,0.015361236115574953,0.015641900978703195,0.014771728466032655,0.017812731123895156,0,0,0,0
2022-04-04,0.0067233609059514,0.01684916536382985,0.015369527018139104,0.015185654992630146,0.015108310818584488,0.018213870462849797,0,0,0,0
2022-04-05,-0.0076523666824763,0.01684916536382985,0.0153706832054428,0.01544879751858341,0.014289100319843704,0.01723828232154885,0,0,0,0
2022-04-06,-0.0033484587596232,0.01684916536382985,0.01542331569846587,0.015505209080947888,0.014933908922425106,0.018005046530216975,0,0,0,0
2022-04-07,-0.0048237975642854,0.01684916536382985,0.015427914484137882,0.015650803037935156,0.013823375833039608,0.01668093201704587,0,0,0,0
2022-04-08,-0.0082993538444096,0.01684916536382985,0.01544359448674754,0.015563567624289766,0.013539354105248353,0.01634091794614943,0,0,0,0
2022-04-12,-0.0193079008066259,0.01684916536382985,0.015506642204844982,0.015173477488439268,0.01481873584281565,0.017863758876525863,1,1,1,1
2022-04-13,0.0136537385154203,0.017149804623511733,0.015647564282453747,0.015361264324485023,0.0230207976378967,0.027659388434197133,0,0,0,0
2022-04-14,-0.0078535185981528,0.017149804623511733,0.015682209056964623,0.015339288678262298,0.022059045575302607,0.026512549424513338,0,0,0,0
2022-04-18,-0.0134466486591801,0.017149804623511733,0.015755197089105794,0.015712204166347086,0.01978550344726776,0.02379495555197174,0,0,0,0
2022-04-19,-0.0014426217382449,0.017149804623511733,0.015893835002685004,0.015660867223368763,0.021295869033097103,0.025587298978347526,0,0,0,0
2022-04-20,-0.0066769605825855,0.017149804623511733,0.015910058317851295,0.01543223205838948,0.017547601280432635,0.021111578190890812,0,0,0,0
2022-04-21,-0.0125459448586879,0.017149804623511733,0.015971523336253658,0.016076185941359657,0.016423446818333652,0.019764682358864267,0,0,0,0
2022-04-22,-0.0107853154274183,0.017149804623511733,0.016049739399113517,0.015586095340187543,0.019069199013495134,0.022910423593566726,0,0,0,0
2022-04-25,-0.0224919309763745,0.017149804623511733,0.01610766740344298,0.016467450145351913,0.019584312294294477,0.023509157793840912,1,1,1,1
2022-04-26,-0.0024133002542258,0.01882935687528489,0.01644353557622532,0.01623365034741962,0.028487437358579264,0.03413017619640253,0,0,0,0
2022-04-27,0.0053771441715996,0.01882935687528489,0.016462729655969895,0.016616085679352487,0.022605272640889115,0.027107988244088783,0,0,0,0
2022-04-28,0.0110861555535097,0.01882935687528489,0.01644936719880973,0.01654133901461555,0.018947108735910816,0.02274410685518117,0,0,0,0
2022-04-29,-0.0128582978128333,0.01882935687528489,0.016466947423825345,0.016374742454776756,0.018755020902033424,0.02251647642330999,0,0,0,0
2022-05-04,0.0134126885695493,0.01882935687528489,0.016596336896356145,0.016704271941905095,0.020534064797397486,0.024631345720081792,0,0,0,0
2022-05-05,-0.0136341499276503,0.01882935687528489,0.016626575060053012,0.016588320513948207,0.021042860243044723,0.0252368546260634,0,0,0,0
2022-05-06,-0.0147657901448764,0.01882935687528489,0.016772126827574698,0.016890137522178,0.02228457295270497,0.026712722509417856,0,0,0,0
2022-05-09,-0.0392331541505723,0.01882935687528489,0.016938933087410075,0.016873656947097665,0.023725172070305785,0.028427460551915536,1,1,1,1
2022-05-10,0.0104587450796603,0.020741224791618985,0.01777156791553634,0.01760615711352685,0.04710028430635748,0.0563209139497883,0,0,0,0
2022-05-11,-0.0054250240633471,0.020741224791618985,0.017773132430138474,0.01815600960607994,0.03823824335924032,0.04575256739004195,0,0,0,0
2022-05-12,-0.0229609065686219,0.020741224791618985,0.017814490103789327,0.017746723907545423,0.03075397149803942,0.03682596330929348,1,1,1,0
2022-05-13,-0.0103666626639321,0.021239526737585966,0.01795604790249924,0.01745440989050728,0.03524106128300702,0.042179647264795415,0,0,0,0
2022-05-16,-0.0067887119099282,0.021239526737585966,0.01801477211218327,0.017783578310327567,0.030258667451397738,0.03622501173356461,0,0,0,0
2022-05-17,0.0336888639847486,0.020741224791618985,0.017782296478381244,0.017635707211882026,0.026129663677177003,0.031319673619159966,0,0,0,0
2022-05-18,-0.0150579301217425,0.020741224791618985,0.018136728202862686,0.017979389344889424,0.04018377514245255,0.04808392461405204,0,0,0,0
2022-05-19,-0.002160219534684,0.020741224791618985,0.018301176864033805,0.018418473160250578,0.03668034485975502,0.043900200719106636,0,0,0,0
2022-05-20,-0.0002799801526445,0.020741224791618985,0.01831702385502151,0.01819977918956249,0.030422948434749082,0.036428119686032,0,0,0,0
2022-05-23,0.0007200651863967,0.020741224791618985,0.01829355118196453,0.01792220619119345,0.025142664113689515,0.030135998648715877,0,0,0,0
2022-05-24,0.0020805675039794,0.020741224791618985,0.01829903723714519,0.018232943127704505,0.020838644159093547,0.024998708908679987,0,0,0,0
2022-05-25,0.019576407293862,0.020741224791618985,0.01829874490258307,0.018372800805630345,0.01721044540552333,0.020675451715701197,0,0,0,0
2022-05-26,0.009468218497623,0.020741224791618985,0.018385510297518188,0.0181687387570674,0.024201950900358225,0.02901737528401516,0,0,0,0
2022-05-27,0.0191531433454494,0.020741224791618985,0.018313395244349828,0.01851124522698624,0.022033829182052184,0.02644491709975766,0,0,0,0
2022-05-31,-0.0009679181620468,0.020741224791618985,0.018399732895354647,0.01827989120992941,0.02596776615688123,0.03113608596834512,0,0,0,0
2022-06-01,-0.0009226418571398,0.020741224791618985,0.018366609404484324,0.018200809320165427,0.02185841050433509,0.026242161659526708,0,0,0,0
2022-06-02,0.0051572538576489,0.020741224791618985,0.018379426541432202,0.018686732689877566,0.018681525113293993,0.022451955406254352,0,0,0,0
2022-06-03,-0.0085542884604885,0.020741224791618985,0.01837272785302242,0.017861730413487327,0.01666165173265908,0.020039837247516536,0,0,0,0
2022-06-06,0.0022242973603737,0.020741224791618985,0.01841408441436556,0.018709487121545562,0.017195716269100905,0.02067499434472663,0,0,0,0
2022-06-07,0.0051073027806225,0.020741224791618985,0.01836113568230429,0.018229447410953347,0.014996370940681939,0.01805943269473005,0,0,0,0
2022-06-08,0.0010526774663426,0.020741224791618985,0.018358427849058542,0.01838989897019902,0.013843255769028909,0.016684833708708227,0,0,0,0
2022-06-09,-0.0120421590837503,0.020741224791618985,0.01834549985064945,0.018577465990434035,0.012460314406061608,0.015029870080228542,0,0,0,0
2022-06-10,-0.0246136448588514,0.020741224791618985,0.018460462970477574,0.01804267343680864,0.017004957910594472,0.02043007445752438,1,1,1,1
2022-06-13,-0.0420139745498319,0.02219165050640486,0.018804146507236354,0.01882217245679765,0.02977107944552734,0.03564892146573753,1,1,1,1
2022-06-14,-0.0001715541826659,0.02285538706036623,0.01968825306838246,0.019827467528599367,0.05498341959404331,0.06573229600416211,0,0,0,0
2022-06-15,0.0008651992331658,0.02285538706036623,0.01969747030597505,0.020030351365334535,0.04287268004949375,0.05128018589983101,0,0,0,0
2022-06-16,-0.006831990476981,0.02285538706036623,0.019669438888620158,0.01963751693872374,0.033952314022028626,0.04064165004848482,0,0,0,0
2022-06-17,-0.0067350629358983,0.02285538706036623,0.019720525550583227,0.019670648676112477,0.028405169051710113,0.034017745514322954,0,0,0,0
2022-06-21,-0.0067131300673402,0.02285538706036623,0.019770798151557044,0.019516302202164937,0.024299561160535766,0.029114015881041,0,0,0,0
2022-06-22,-0.0021037996527506,0.02285538706036623,0.019818706312745092,0.019807596012251658,0.021338850078240396,0.025578751590415585,0,0,0,0
2022-06-23,0.0132532678914069,0.02285538706036623,0.019834169084710505,0.019807416113201932,0.017707538307542667,0.021243268004745876,0,0,0,0
2022-06-24,0.013814438575397,0.02285538706036623,0.019859800279033103,0.020070284894969537,0.020470576854802757,0.024543279705936085,0,0,0,0
2022-06-27,0.0058362856534976,0.02285538706036623,0.01984984136371218,0.019925342422905293,0.02222832332155361,0.02664861990223772,0,0,0,0
2022-06-28,-0.0039056134145751,0.02285538706036623,0.019690502332455142,0.019637293050732384,0.01903528231522073,0.022856969544646204,0,0,0,0
2022-06-29,-0.0001450542538782,0.02285538706036623,0.019718682887259968,0.019710165526450045,0.016733689611794784,0.02010895789672067,0,0,0,0
2022-06-30,-0.0126661981351223,0.02285538706036623,0.019714553410960272,0.01938071240565239,0.014236204651496312,0.01713141085193064,0,0,0,0
2022-07-01,0.0055767264516398,0.02285538706036623,0.01981574578919831,0.019935004101988077,0.019401437359259848,0.023268535140335164,0,0,0,0
2022-07-05,-0.0048901338764069,0.02285538706036623,0.019816140684329363,0.0199135638111128,0.017178059710583674,0.020614634685822582,0,0,0,0
2022-07-06,-0.0112733906779419,0.02285538706036623,0.01984680673378977,0.0197460009276497,0.015925006601717636,0.019117477996690155,0,0,0,0
2022-07-07,0.0149889890656253,0.02285538706036623,0.019896807365429738,0.019690994568960205,0.018952430457335013,0.02272752160697059,0,0,0,0
2022-07-08,0.0011585156682363,0.02285538706036623,0.019934592125212557,0.01965830689196659,0.02235010863106496,0.02678735825530063,0,0,0,0
2022-07-11,-0.0125758530048166,0.02285538706036623,0.019931663410386335,0.020211568486250418,0.018476505057757858,0.02216353396623717,0,0,0,0
2022-07-12,0.0035670264464961,0.02285538706036623,0.020047621025305586,0.02028897241110694,0.02119050261962438,0.025386392438515853,0,0,0,0
2022-07-13,-0.0017179486272025,0.02285538706036623,0.020047564601410568,0.020013431453767886,0.01814706797009062,0.021749269509301748,0,0,0,0
2022-07-14,0.0019786502204153,0.02285538706036623,0.02004897111296357,0.020358408486884232,0.016002022039328153,0.01918661341735346,0,0,0,0
2022-07-15,0.0088499531637675,0.02285538706036623,0.020051380951560293,0.020001504113213962,0.01437757624956079,0.017247861218751978,0,0,0,0
2022-07-18,-0.00462417614633,0.02285538706036623,0.020058542720373256,0.019818921342555803,0.015312235479620996,0.018372660408842435,0,0,0,0
2022-07-19,0.0141948901483929,0.02285538706036623,0.020084110966379277,0.020018021026519436,0.014462089753486644,0.017364329666704557,0,0,0,0
2022-07-20,0.0090056648222663,0.02285538706036623,0.020114052046451256,0.020566189738942725,0.018553634320453507,0.022261400644578423,0,0,0,0
2022-07-21,0.0066735532870252,0.02285538706036623,0.02011375257732085,0.02030777698215374,0.018027143655721865,0.021649970057129726,0,0,0,0
2022-07-22,-0.006238342410175,0.02285538706036623,0.02011509136091187,0.01988049226252969,0.01649553142314913,0.01983663446934224,0,0,0,0
2022-07-25,-0.0021831642388405,0.02285538706036623,0.020161342100331447,0.020095915748699792,0.01595458326931412,0.01919464947651937,0,0,0,0
2022-07-26,-0.0075708636636407,0.02219165050640486,0.01983540564422006,0.020326777145106768,0.014066281388020655,0.0169503369014753,0,0,0,0
2022-07-27,0.0151017111828942,0.02219165050640486,0.019857084064684147,0.019852682270960723,0.015243441882227808,0.01834568303525536,0,0,0,0
2022-07-28,0.0132564235976401,0.02219165050640486,0.019826171091125246,0.020012988274148626,0.020063476128207462,0.024108406169662894,0,0,0,0
2022-07-29,0.00594873630402,0.02219165050640486,0.01982052279560782,0.01978727606650791,0.021343240103768077,0.02564137524267837,0,0,0,0
2022-08-01,0.0083581193379544,0.021775524188181045,0.019554180223878122,0.019332646089551923,0.018296379817949217,0.021994099329433463,0,0,0,0
2022-08-02,-0.0009808373682287,0.021775524188181045,0.019541980647186194,0.019120689793031432,0.01708923404506675,0.02057304041789349,0,0,0,0
2022-08-03,0.0132029567469193,0.01882935687528489,0.018833664627151706,0.018964483608380066,0.014621963269198011,0.017655468664662197,0,0,0,0
2022-08-04,0.0022414979860658,0.01882935687528489,0.018657882167744846,0.01883193985122058,0.017763627293503323,0.021389382331093252,0,0,0,0
2022-08-05,-0.0013973579038305,0.01882935687528489,0.018659542314778507,0.01852710075878181,0.015432633155668025,0.018610729636582238,0,0,0,0
2022-08-08,0.0008077423296049,0.01882935687528489,0.018663954699213007,0.018178751038080112,0.013910740717030908,0.016784883052571243,0,0,0,0
2022-08-09,-0.0012299604327171,0.01882935687528489,0.018580115860880764,0.018753785463169637,0.012143449124147726,0.014701653405293433,0,0,0,0
2022-08-10,0.0095351739929528,0.01882935687528489,0.01859229940703419,0.018758458706698733,0.011166715448553598,0.013529539884802242,0,0,0,0
2022-08-11,-0.0021187841200128,0.01882935687528489,0.01859254512247065,0.018951182887231473,0.013010803827949053,0.015736462885639894,0,0,0,0
2022-08-12,0.0127744509027061,0.01882935687528489,0.01860610255904061,0.01849551156288944,0.012121670411383447,0.014665984658316185,0,0,0,0
2022-08-15,0.0067032217300121,0.01882935687528489,0.018631971389926387,0.01844323001072741,0.01574072994680802,0.018988282023667286,0,0,0,0
2022-08-16,0.0013001645821943,0.01882935687528489,0.018625566692026804,0.018247783187664294,0.014794704030882974,0.017863901825549925,0,0,0,0
2022-08-17,-0.0033365655897138,0.01882935687528489,0.01861419159450078,0.0186288028401793,0.013115090157428668,0.015848054612709533,0,0,0,0
2022-08-18,0.000455182229987,0.01882935687528489,0.018625283967146723,0.01826148957615414,0.012482748454540369,0.01509497794796567,0,0,0,0
2022-08-19,-0.0082537461437303,0.01882935687528489,0.018630600776728092,0.018860096139180684,0.011332605936519163,0.01371371131391206,0,0,0,0
2022-08-22,-0.0142966259572669,0.01882935687528489,0.018687210097753194,0.018619072969245816,0.013770137699767761,0.016609176708953764,0,0,0,1
2022-08-23,0.0031942549654437,0.01882935687528489,0.018829034361529343,0.018584770404634427,0.019425728485356356,0.023348512167855436,0,0,0,0
2022-08-24,0.0043751243429573,0.01882935687528489,0.018827461447684008,0.018605833875725453,0.01682285213069398,0.02022926073028384,0,0,0,0
2022-08-25,0.011457277795925,0.01882935687528489,0.018813071683665483,0.01880568761183739,0.015180160376461478,0.018272236947757828,0,0,0,0
2022-08-26,-0.0196308279966509,0.01882935687528489,0.018814199255327613,0.018803501747055845,0.01675998223874912,0.02016896530270746,1,1,1,1
2022-08-29,-0.0081888558739145,0.019558169378895273,0.019054507664778397,0.019116926496556094,0.024998158074083135,0.029980879266602912,0,0,0,0
2022-08-30,-0.0017920241373103,0.019558169378895273,0.01911923862378832,0.018842655615720964,0.022889042643968432,0.02745418126636945,0,0,0,0
2022-08-31,-0.003806567952221,0.019558169378895273,0.019086272061660293,0.01924501675524996,0.019791589295540715,0.023760223095145812,0,0,0,0
2022-09-06,-0.0052508010461563,0.019558169378895273,0.019067499230267095,0.019169359630200642,0.017767975107261618,0.021346568253222998,0,0,0,0
2022-09-07,-0.0041747151482548,0.019558169378895273,0.01910689328983174,0.018705081577134356,0.01655392091266336,0.019896371569070318,0,0,0,0
2022-09-08,0.0011096236897431,0.019558169378895273,0.019016730485623922,0.01879250209011094,0.016636898987358067,0.019935613420063336,0,0,0,0
2022-09-09,0.0124815900632509,0.019558169378895273,0.018857415600937375,0.01902821405777774,0.01595276891153261,0.019145813493051986,0,0,0,0
2022-09-12,0.005026762834478,0.019558169378895273,0.018875204108862943,0.018989431491586817,0.01683941674647782,0.02019573146288836,0,0,0,0
2022-09-13,-0.0224816380842613,0.019558169378895273,0.018875159659550347,0.018917992899844013,0.016385550963498034,0.019647842657195266,1,1,1,1
2022-09-14,-0.0006736136088064,0.021840205814548944,0.019123519272027694,0.018850588755935697,0.020236114611416563,0.024236149430043173,0,0,0,0
2022-09-15,-0.002939623446599,0.021840205814548944,0.019127254121994494,0.01926342498019345,0.01937065572875745,0.023177849248174863,0,0,0,0
2022-09-16,-0.0076587005640809,0.021840205814548944,0.0191455855028302,0.01903405176706578,0.018883085803560736,0.022569184164465576,0,0,0,0
2022-09-19,-0.0076729185007393,0.021840205814548944,0.019198909046311018,0.01893719184961404,0.01871820605132187,0.022366506358046143,0,0,0,0
2022-09-20,0.0003231295029837,0.021840205814548944,0.019255369247823152,0.019246310868804482,0.01858208845497576,0.02219518067407556,0,0,0,0
2022-09-21,-0.0120816483666236,0.021840205814548944,0.019259750278963813,0.019180102724723553,0.018064479165928175,0.021572055855919783,0,0,0,0
2022-09-22,-0.0020981918443731,0.021840205814548944,0.019343638116813684,0.018799131332376474,0.018510658050504353,0.022105764738684665,0,0,0,0
2022-09-23,-0.0132033837332219,0.021840205814548944,0.01935762389216075,0.01902087330802162,0.01803095588249046,0.021527542197053776,0,0,0,0
2022-09-26,-0.0173653675954477,0.021840205814548944,0.019460461415634747,0.01892191025485256,0.018653195800803997,0.02226869255403009,0,0,0,0
2022-09-27,-0.0040813001622937,0.021840205814548944,0.01964275198837426,0.019548165228817714,0.019986894946905157,0.023854283567872364,0,0,0,0
2022-09-28,0.0001350114735026,0.021840205814548944,0.01964669294711357,0.01915838503161277,0.019490438869979372,0.02326372932689791,0,0,0,0
2022-09-29,-0.0184088757348667,0.021840205814548944,0.019651943613985774,0.019726979080762215,0.018959257701707484,0.02261068791102642,0,0,0,0
2022-09-30,-0.0030232226699809,0.021840205814548944,0.019849802700881332,0.019714380558955653,0.020382295536324993,0.024304248206175074,0,0,0,0
2022-10-03,-0.007076974185395,0.021840205814548944,0.019854488735013835,0.02013244194116775,0.019853571000638656,0.02367299064439041,0,0,0,0
2022-10-04,0.011751914305083,0.021840205814548944,0.019835547561699373,0.019877394353169993,0.01958600115273449,0.02336479659299471,0,0,0,0
2022-10-05,0.0108543388484248,0.021840205814548944,0.019827234462697994,0.020012582443966094,0.019834453229084573,0.023680781056088618,0,0,0,0
2022-10-06,-0.0190091167152961,0.021840205814548944,0.019837396050865156,0.020176740053685117,0.019920495537535908,0.023771607709789883,0,0,0,0
2022-10-07,-0.0323937300167764,0.021840205814548944,0.020052842512992147,0.020156935964285912,0.02126682284791559,0.02535284019860568,1,1,1,1
2022-10-10,-0.0004944995754139,0.02248961507564903,0.020577457093990874,0.020552752872941785,0.02845443167506798,0.03395551359412168,0,0,0,0
2022-10-11,-0.0210858247174287,0.02248961507564903,0.020492309256231862,0.020355604906695184,0.026682309550132288,0.0318631790745861,0,1,1,0
2022-10-12,0.0135211447744541,0.02248961507564903,0.020711511932293092,0.020287984589753588,0.02913720841336911,0.03480887499343305,0,0,0,0
2022-10-13,0.0209923150089833,0.02248961507564903,0.020739096036954095,0.02090704476931063,0.02880345011155423,0.0344102089730882,0,0,0,0
2022-10-14,-0.0031926164515292,0.02248961507564903,0.020809787024395718,0.02079257450040712,0.03065955376093555,0.03665139147659155,0,0,0,0
2022-10-17,0.0080010011971487,0.02248961507564903,0.02083155905319365,0.020882370566038026,0.02872072872731837,0.03432267764847664,0,0,0,0
2022-10-18,0.0155229261213406,0.02248961507564903,0.020804121897242508,0.02058715783266117,0.02752536169166843,0.032905465526894245,0,0,0,0
2022-10-19,-0.0025755935321586,0.02248961507564903,0.0208350863208869,0.021162189730378835,0.027663167922444182,0.03306142140297194,0,0,0,0
2022-10-20,-0.0043468788614193,0.02248961507564903,0.02085443801577528,0.02080984442777386,0.026201667818533822,0.0312986035737769,0,0,0,0
2022-10-21,-0.0052325112421602,0.02248961507564903,0.020884303836955984,0.020475655549674312,0.025070387408347262,0.02992934653624481,0,0,0,0
2022-10-24,-0.0050040543509706,0.02248961507564903,0.020917021682187634,0.0206588405366485,0.02413633545766126,0.028802790507153984,0,0,0,0
2022-10-25,0.0140913710694161,0.02248961507564903,0.02092717080582301,0.020645855577451282,0.02324878108733625,0.027745839240499674,0,0,0,0
2022-10-26,-0.0059427575990046,0.02248961507564903,0.02096036335510364,0.021094313836925796,0.02358267204324654,0.02813798161859279,0,0,0,0
2022-10-27,0.0112949445602454,0.02248961507564903,0.020996207106318273,0.021021706788200215,0.022834834179673837,0.027236755613852363,0,0,0,0
2022-10-28,0.0152848825343475,0.02248961507564903,0.02100790258602767,0.02053899776720876,0.022848148534800335,0.027243527770620096,0,0,0,0
2022-10-31,-0.0074255382482977,0.02248961507564903,0.021051693359844265,0.020720750737652463,0.023369761315465816,0.02786371697562433,0,0,0,0
2022-11-01,0.0017579436986262,0.02248961507564903,0.021104795525958602,0.021085372464309183,0.0228371176803216,0.02721532353488222,0,0,0,0
2022-11-02,-0.0158197567105776,0.02248961507564903,0.02110738631163439,0.02113701714031622,0.01897219467983065,0.022660418350227803,0,0,0,0
2022-11-03,-0.0078256561000861,0.02248961507564903,0.021259474835747274,0.021134299352122743,0.022746680827883222,0.027082864639841654,0,0,0,0
2022-11-04,-0.0041255257206314,0.02248961507564903,0.021301886934082272,0.0217103787820831,0.020894764098689615,0.02492769921360229,0,0,0,0
2022-11-07,-0.0066673385033536,0.02248961507564903,0.021325031801160778,0.021018633080491435,0.019243363226847117,0.022952217118046337,0,0,0,0
2022-11-08,0.005752835497961,0.02248961507564903,0.0213231156504194,0.021121918928743114,0.01860527302224882,0.022195003874517404,0,0,0,0
2022-11-09,-0.0082620943741542,0.02248961507564903,0.021307856427125228,0.02156561023537119,0.02073749633440961,0.024675848425901092,0,0,0,0
2022-11-10,0.0066884174865593,0.02248961507564903,0.021360495427814038,0.021130170252523242,0.020716425691484422,0.024630442984568582,0,0,0,0
2022-11-11,0.0100564687810293,0.02248961507564903,0.021350060180008262,0.021668598161799214,0.020517419835168662,0.024383505911344725,0,0,0,0
2022-11-14,-0.0119476174995855,0.02248961507564903,0.02136179044390894,0.02102528898932635,0.020597588006548737,0.024477875846185684,0,0,0,0
2022-11-15,-0.0128029657391543,0.02248961507564903,0.021451362819966766,0.021642496036816533,0.020848248618555366,0.024765846567819678,0,0,0,0
2022-11-16,0.0131778605102279,0.02248961507564903,0.021559530212270313,0.021335848417175236,0.021263790164542946,0.0252375413761392,0,0,0,0
2022-11-17,0.0124411329169539,0.02248961507564903,0.02158340140631298,0.02100138169600641,0.02164222582808594,0.02569567804641173,0,0,0,0
2022-11-18,0.0030148356518057,0.02248961507564903,0.021607609643188717,0.02177742237299889,0.021903724666384478,0.02600866529214006,0,0,0,0
2022-11-21,-0.0065438889478416,0.02248961507564903,0.021607785816316175,0.021600810677950392,0.021411217580677874,0.025416298612245914,0,0,0,0
2022-11-22,0.0029899029502354,0.02248961507564903,0.021652179919246884,0.02166878005312316,0.02112356355433574,0.025060291534081094,0,0,0,0
2022-11-23,2.6289448999081057e-05,0.02248961507564903,0.02162513527440758,0.02123484688644488,0.020571606591867242,0.02441276465698574,0,0,0,0
2022-11-25,0.0127950378982982,0.02248961507564903,0.021612528202063244,0.021093541025518105,0.017701816649944933,0.021056316836459824,0,0,0,0
2022-11-28,0.008060219326766,0.02248961507564903,0.021629094584208013,0.022153100105850546,0.020816285538665148,0.024779212167285444,0,0,0,0
2022-11-29,0.0123952487590346,0.02248961507564903,0.021631487960133387,0.021549293941425022,0.020277901179908454,0.024133719391931378,0,0,0,0
2022-11-30,0.0226507041338346,0.02248961507564903,0.021650174100621936,0.021769017430352915,0.021669188455561476,0.02579722208408232,0,0,0,0
2022-12-01,-0.0086875842674183,0.02248961507564903,0.021757453504583663,0.021812893756334155,0.02807795576245802,0.033449212709580435,0,0,0,0
2022-12-02,0.017422741138391,0.02248961507564903,0.021820206330242495,0.02186441647476243,0.023483486027954244,0.027959964037395337,0,0,0,0
2022-12-05,-0.0058144194096018,0.02248961507564903,0.021870270533323813,0.021830330130792608,0.02543593307960512,0.03030101188263809,0,0,0,0
2022-12-06,-0.0359063984056101,0.02248961507564903,0.021863683236163438,0.022199579023163656,0.02169919379848908,0.025846577192766753,1,1,1,1
2022-12-07,-0.0046024246846747,0.02285538706036623,0.02243764173885266,0.022761360499383453,0.03575294808867267,0.04258776785836131,0,0,0,0
2022-12-08,0.0066228592047146,0.02285538706036623,0.02246703907810942,0.021874040342938005,0.02898741378588392,0.03450074690466096,0,0,0,0
2022-12-09,-0.0055962819877821,0.02285538706036623,0.02245892997157777,0.022232001750338112,0.025382258820182316,0.030188393345411894,0,0,0,0
2022-12-12,-0.0072434016957889,0.02285538706036623,0.022417399903762802,0.0221173580140606,0.022476477915576082,0.02672925728042557,0,0,0,0
2022-12-13,0.0137801982741176,0.02285538706036623,0.02246788274495525,0.022503000141777092,0.02112398004073276,0.025107735455004346,0,0,0,0
2022-12-14,-0.0033071454218516,0.02285538706036623,0.02240428169601168,0.022466917168658552,0.02267459354746052,0.026980971240620336,0,0,0,0
2022-12-15,-0.0119943077339792,0.02285538706036623,0.022401910399457825,0.02278159906359275,0.020797603267947017,0.024743931032870366,0,0,0,0
2022-12-16,-0.0073728620822863,0.02285538706036623,0.022500442945062277,0.02237469009549311,0.02166559775410568,0.025767343682472466,0,0,0,0
2022-12-19,-0.0095590105630232,0.02285538706036623,0.022383502543676683,0.021947349662958558,0.020859212291509697,0.024807941254320648,0,0,0,0
2022-12-20,-0.0043508054023469,0.02285538706036623,0.022438271968347082,0.02229306972967236,0.0208767655544154,0.02482811075541442,0,0,0,0
2022-12-21,0.0059305227108029,0.02285538706036623,0.022301256045139946,0.022118338808335837,0.022779977944964443,0.027020817292964423,0,0,0,0
2022-12-22,-0.006083976996033,0.02285538706036623,0.022302003838137865,0.022181261785323106,0.022307219232724912,0.026453424358184242,0,0,0,0
2022-12-23,0.0003353359611742,0.02285538706036623,0.022328623576301918,0.022306640535445017,0.01940148728700869,0.023031421798175723,0,0,0,0
2022-12-27,-0.0106641699322861,0.02285538706036623,0.022334761576277277,0.022234190135699883,0.01876567287157867,0.022267215551781128,0,0,0,0
2022-12-28,-0.0007692013923916,0.02285538706036623,0.022412241464982913,0.021783827896628496,0.020015981544796085,0.023745711056353903,0,0,0,0
2022-12-29,0.0063570002480532,0.02285538706036623,0.02239055098557421,0.022335775648567015,0.019193615606622062,0.022769445476210477,0,0,0,0
2022-12-30,-0.0027865980036531,0.02285538706036623,0.02238593758683756,0.022393917884275947,0.01943419861007824,0.023050158467104148,0,0,0,0
