Date,actual_return,VaR_Historical,VaR_Parametric,VaR_MonteCarlo,ES_Historical,ES_Parametric,ES_MonteCarlo,VaR_GARCH,Historical_violation,Parametric_violation,MonteCarlo_violation,GARCH_violation
2008-01-17,-0.0256734117862455,0.020308738711655595,0.020057771649602357,0.020189737922297373,0.02296281311462534,0.023964011152287815,0.024369623023083428,0.023302920469797667,1,1,1,1
2008-01-18,0.0124294030785654,0.020885608263503403,0.02035550698133244,0.020488253482006048,0.023716155863397256,0.024284841455852833,0.024692851437344298,0.02719051117312239,0,0,0,0
2008-01-22,-0.0353153758643436,0.020885608263503403,0.020309150231641954,0.020441437908645464,0.023716155863397256,0.024224903393996106,0.024631503133890294,0.026535958141749916,1,1,1,1
2008-01-23,-0.0131215036249713,0.021347190156288144,0.02092157971494443,0.02105689966421048,0.025757411320347003,0.024927089005534517,0.025343008745153283,0.03433344555933969,0,0,0,0
2008-01-24,-0.0026956828474817,0.021347190156288144,0.021022397533189185,0.021157688985659742,0.025757411320347003,0.02502706331046356,0.025442895462259356,0.03248241536076113,0,0,0,0
2008-01-25,0.0022117462028126,0.021347190156288144,0.021019700969091466,0.021154557103631795,0.025757411320347003,0.025011481210837946,0.02542597536833819,0.02978790281975556,0,0,0,0
2008-01-28,0.0136692312214815,0.021347190156288144,0.0209935760122668,0.021127958829145355,0.025757411320347003,0.024971345915538234,0.02538438528267157,0.02747431923093349,0,0,0,0
2008-01-29,0.0201059455518315,0.021347190156288144,0.02093952916898533,0.021073400266820114,0.025757411320347003,0.024902152041866174,0.02531361858804741,0.026856995676255966,0,0,0,0
2008-01-30,0.0141789070238628,0.021347190156288144,0.02064152727827776,0.020773022886812726,0.025757411320347003,0.024533834986899938,0.02493800022313828,0.028752922195579695,0,0,0,0
2008-01-31,0.0108852538696153,0.021347190156288144,0.020588559078898668,0.020720344709992268,0.025757411320347003,0.024489451538397388,0.024894508188708257,0.028256020962733743,0,0,0,0
2008-02-01,0.0230474594197895,0.021347190156288144,0.020602144155746873,0.020734178408157798,0.025757411320347003,0.024510395877511006,0.024916216690934027,0.027196404955474065,0,0,0,0
2008-02-12,-0.0352690208539314,0.021347190156288144,0.02061139879117585,0.020743511145681827,0.025757411320347003,0.02452196235734309,0.024928023225563742,0.029702719446017146,1,1,1,1
2008-02-13,-0.00815826832273,0.021546691376831403,0.021211231767337378,0.021346320400709624,0.02773294739966316,0.025209894041159413,0.025625102807659714,0.03626394739389873,0,0,0,0
2008-02-14,-0.003454551019833,0.021546691376831403,0.02127104675177016,0.021406106895975014,0.02773294739966316,0.025268865738070224,0.025683986940193294,0.03392076170140987,0,0,0,0
2008-02-15,-0.0043617458972534,0.021546691376831403,0.02124770773979608,0.021382698507732747,0.02773294739966316,0.025243473168669667,0.0256583811357187,0.03144759936961198,0,0,0,0
2008-02-19,-0.024807911130169,0.021546691376831403,0.02107082047825287,0.02120503479615423,0.02773294739966316,0.02504360276349562,0.025456124231744863,0.029377568653361923,1,1,1,0
2008-02-20,-0.0168430747941373,0.0216131232635719,0.021322305434843095,0.021457758322153055,0.028194422075471674,0.025331749729642267,0.02574807806797028,0.03175120152902147,0,0,0,0
2008-02-21,-0.0328656164769191,0.0216131232635719,0.021486563099500405,0.02162238877083817,0.028194422075471674,0.025507041908389146,0.025924516036651475,0.031409394866807445,1,1,1,1
2008-02-22,-0.0105285320061594,0.023822816413612537,0.021968406009859533,0.022106129210428684,0.029800447309744488,0.026045052227964095,0.02646835860688953,0.036433321737372744,0,0,0,0
2008-02-25,0.0266419325962279,0.023822816413612537,0.022028432010227778,0.02216594210630625,0.029800447309744488,0.02609877027431716,0.026521421654738985,0.03453177988735932,0,0,0,0
2008-02-26,-0.0128492320427331,0.023822816413612537,0.022203306164268802,0.02234248502807685,0.029800447309744488,0.026323040431541128,0.02675082094069331,0.03697695825542752,0,0,0,0
2008-02-27,-0.0051850518779194,0.023822816413612537,0.02226776820819933,0.022406616887409362,0.029800447309744488,0.026377728916716154,0.0268044945696496,0.0354504996919316,0,0,0,0
2008-02-28,-0.01208200908884,0.023822816413612537,0.02220881267722139,0.022347441505771726,0.029800447309744488,0.026312265743186278,0.026738355662573907,0.033150063676627255,0,0,0,0
2008-02-29,-0.0231601506712277,0.023822816413612537,0.022268474451048383,0.02240678363408776,0.029800447309744488,0.026362465918255862,0.026787573374389487,0.031910397053485993,0,1,1,0
2008-03-03,-0.0219147961960737,0.024168576351311664,0.022541286824526174,0.022680727373819962,0.029800447309744488,0.02666876705719409,0.027097351883519614,0.03326444772703768,0,0,0,0
2008-03-04,-0.0219279558266422,0.024168576351311664,0.022557852255848658,0.02269737755257315,0.029800447309744488,0.026687841036760196,0.027116686343003914,0.034355122846841876,0,0,0,0
2008-03-05,-0.0132109406761563,0.024168576351311664,0.022696567099927054,0.02283676658294745,0.029800447309744488,0.026846511988466867,0.02727742947542129,0.035121461974565046,0,0,0,0
2008-03-06,0.0057262952952827,0.024168576351311664,0.022798206577176863,0.022938479019935346,0.029800447309744488,0.026950311094879546,0.0273814528310702,0.033841723098353926,0,0,0,0
2008-03-07,0.0188987712130445,0.024168576351311664,0.022774278748330514,0.022914216399875422,0.029800447309744488,0.026916473350136493,0.027346586071203133,0.03191360452011962,0,0,0,0
2008-03-10,0.0053730894978776,0.024168576351311664,0.0228493692363217,0.022990214822781276,0.029800447309744488,0.027018438971880453,0.0274513423240059,0.03261739285459003,0,0,0,0
2008-03-11,0.0071477228116739,0.024168576351311664,0.022848538389972688,0.022989356980775515,0.029800447309744488,0.0270168090463529,0.027449629424559238,0.030749006265325864,0,0,0,0
2008-03-12,-0.0011929403385213,0.024168576351311664,0.022789895941983693,0.022930064093795634,0.029800447309744488,0.026938913417771645,0.027369734605044237,0.029092248118963722,0,0,0,0
2008-03-13,0.0019833312408758,0.024168576351311664,0.022792573425320817,0.022932740086296047,0.029800447309744488,0.02694154677191473,0.027372363376947827,0.0270939270936913,0,0,0,0
2008-03-14,-0.0138854452493695,0.024168576351311664,0.02272773914538264,0.022867778023375224,0.029800447309744488,0.026872930079058506,0.027303353929991715,0.025162610829061863,0,0,0,0
2008-03-17,-0.0204520400402945,0.024168576351311664,0.022812100970444383,0.022952470684598356,0.029800447309744488,0.026967084749338465,0.027398525459137252,0.025324546578206313,0,0,0,0
2008-03-18,-0.0084135557703525,0.024168576351311664,0.0230300715140139,0.02317118300319306,0.029800447309744488,0.027207012046298953,0.027640732677698395,0.02744843575815722,0,0,0,0
2008-03-19,-0.0238071035111738,0.024168576351311664,0.02307304865029862,0.023214273922072554,0.029800447309744488,0.027253357180007258,0.027687427533878883,0.02627219415460452,0,1,1,0
2008-03-20,0.0023683669893935,0.02431414074029954,0.02332690500811723,0.023469269673945595,0.029800447309744488,0.02754093992846827,0.027978512326798318,0.02907377246336933,0,0,0,0
2008-03-24,-0.0299598810987705,0.02431414074029954,0.023316417792967656,0.023458816114458436,0.029800447309744488,0.027531448930574395,0.0279691247730339,0.027447541684988596,1,1,1,1
2008-03-25,-0.0264004546019064,0.024729933772738036,0.023717613675624163,0.02386161529166718,0.030585952452834204,0.0279801027915952,0.028422706524260943,0.03198263098081461,1,1,1,0
2008-03-26,0.0043530587372089,0.025478674138628282,0.02403704235582773,0.024182248718979213,0.030813458663082403,0.02833519233157557,0.028781498978012552,0.034278117450605605,0,0,0,0
2008-03-27,0.0066486898797103,0.025478674138628282,0.024032115138174645,0.024177199173736647,0.030813458663082403,0.02832664418220594,0.02877257484225331,0.0324485525526145,0,0,0,0
2008-03-28,0.0028183927452445,0.025478674138628282,0.023877169209370386,0.02402186635458229,0.030813458663082403,0.028160246188128596,0.02860498770101367,0.031017830092479957,0,0,0,0
2008-03-31,0.0061224797887289,0.025478674138628282,0.02373684830758587,0.023881121860005673,0.030813458663082403,0.02800738681826602,0.028450826375269845,0.029346876277817856,0,0,0,0
2008-04-01,0.0277627748466945,0.025478674138628282,0.02373396151231213,0.023878357660278984,0.030813458663082403,0.028008128886329586,0.028451945253318078,0.02806752735451626,0,0,0,0
2008-04-02,-0.0045518670288168,0.025478674138628282,0.023912005253315577,0.0240583291880491,0.030813458663082403,0.028243235668267065,0.028692977285555914,0.03224010113771824,0,0,0,0
2008-04-03,0.0031211434949578,0.025478674138628282,0.02389686955841374,0.02404257483582364,0.030813458663082403,0.028209787539234903,0.028657627649803202,0.03062967860206788,0,0,0,0
2008-04-04,0.0047638753876988,0.025478674138628282,0.023872778185229336,0.024018515971529996,0.030813458663082403,0.028186658438536436,0.02863459846851392,0.029074740956250254,0,0,0,0
2008-04-07,0.0096883001589155,0.025478674138628282,0.023872323292715804,0.02401803785400823,0.030813458663082403,0.028185516079121193,0.028633384724654397,0.02772113129407917,0,0,0,0
2008-04-08,0.0042375599345668,0.025478674138628282,0.02385101169300595,0.02399697468681058,0.030813458663082403,0.028171558152990994,0.02862019038132444,0.026985945179154827,0,0,0,0
2008-04-09,-0.0017155744293501,0.025478674138628282,0.023835365934051687,0.02398139885816158,0.030813458663082403,0.02815798235111949,0.028606829517416735,0.025592752533723243,0,0,0,0
2008-04-10,0.0006585715253951,0.025478674138628282,0.02378349356568073,0.023929386448424995,0.030813458663082403,0.028101964718180227,0.02855038145298054,0.024040392029391608,0,0,0,0
2008-04-11,-0.0209817136692787,0.025478674138628282,0.023556895096034484,0.023701887900313457,0.030813458663082403,0.027848723667934772,0.028294373919279005,0.022610805229644055,0,0,0,0
2008-04-16,0.0054126168972877,0.025478674138628282,0.023759824286355417,0.023905677495506986,0.030813458663082403,0.02807712108913782,0.028525415883082897,0.025305128322369183,0,0,0,0
2008-04-17,0.006796712932716,0.025478674138628282,0.023683617942604738,0.023828613474185176,0.030813458663082403,0.027975527243410316,0.02842118587739526,0.02434007730413876,0,0,0,0
2008-04-18,0.0104745947327364,0.025478674138628282,0.02368101507650541,0.023826152375179627,0.030813458663082403,0.027977120723927298,0.028423215093611606,0.02355706386237391,0,0,0,0
2008-04-21,-0.0024865211888289,0.025478674138628282,0.02364615349499894,0.02379152680478133,0.030813458663082403,0.027949245138880256,0.02839606491290583,0.02341899366812156,0,0,0,0
2008-04-22,-0.0121678449122937,0.025478674138628282,0.02361678058804944,0.023762082221835974,0.030813458663082403,0.02791775060190596,0.028364350072408694,0.022169561413752533,0,0,0,0
2008-04-23,-0.0034215978728606,0.025478674138628282,0.02369528124934734,0.023840480365448554,0.030813458663082403,0.027993216710329637,0.028439501082214505,0.022347124339471124,0,0,0,0
2008-04-24,-0.0012621282137977,0.025478674138628282,0.02370599357407955,0.023851201621989736,0.030813458663082403,0.02800419341916783,0.02845050524388343,0.021208978339303613,0,0,0,0
2008-04-25,0.0007692630253449,0.025478674138628282,0.023654248831712108,0.023798624799667687,0.030813458663082403,0.027927818871610877,0.028371573213265493,0.02022998087273204,0,0,0,0
2008-04-28,0.0010523071210807,0.025478674138628282,0.02345284925426634,0.023596454473324195,0.030813458663082403,0.027703604905841006,0.028144990271726768,0.019116221301038523,0,0,0,0
2008-04-29,0.000618874085511,0.025478674138628282,0.023424064537611054,0.02356764821503401,0.030813458663082403,0.0276741825506173,0.028115501706079342,0.018205010214448668,0,0,0,0
2008-05-05,0.0038202695792767,0.025478674138628282,0.02342050936044813,0.023564100581615066,0.030813458663082403,0.027670850670438854,0.028112193012371556,0.017318164367490712,0,0,0,0
2008-05-06,0.0011133612094321,0.025478674138628282,0.0233973658748795,0.02354100467156563,0.030813458663082403,0.02764911543387689,0.02809060400404617,0.016759635032313664,0,0,0,0
2008-05-07,-0.0099658776647482,0.025478674138628282,0.02332640329167375,0.023469875117583045,0.030813458663082403,0.027573210467811134,0.028014185836176826,0.015979783508626354,0,0,0,0
2008-05-08,-0.0076894084795517,0.025478674138628282,0.02334306734454477,0.023486601760152034,0.030813458663082403,0.027591727193684693,0.028032894937904965,0.016705838150489167,0,0,0,0
2008-05-09,-0.0074400139698044,0.025478674138628282,0.023325141087191636,0.023467880753347263,0.030813458663082403,0.027550276124731293,0.027989001125019262,0.016821264377058498,0,0,0,0
2008-05-12,-0.0025844448186993,0.025478674138628282,0.023358939350083686,0.023501760923544158,0.030813458663082403,0.027586498867327197,0.02802547561811529,0.016737490356449967,0,0,0,0
2008-05-13,-0.0102422365639697,0.025478674138628282,0.023305703902437004,0.02344836702675604,0.030813458663082403,0.027528573279671245,0.027967063020775947,0.016051849650872575,0,0,0,0
2008-05-14,-0.0062403504585499,0.025478674138628282,0.02314403884620403,0.0232859443869122,0.030813458663082403,0.027344483531379436,0.027780644761574408,0.016819562668051676,0,0,0,0
2008-05-15,-0.0023332504206563,0.025478674138628282,0.023060278509393035,0.023201849478855348,0.030813458663082403,0.027250819789779116,0.027685952680943402,0.01654353736964085,0,0,0,0
2008-05-16,-0.0076164470842989,0.025478674138628282,0.023024965795636457,0.02316582370678892,0.030813458663082403,0.027194400345637807,0.027627341578970593,0.015946824120930354,0,0,0,0
2008-05-19,-0.0024766439872412,0.025478674138628282,0.023073985290581814,0.023214819887455378,0.030813458663082403,0.02724272973124427,0.027675599305750254,0.016041108227764982,0,0,0,0
2008-05-20,-0.0127689995383055,0.025478674138628282,0.023088712676247843,0.02322942973368747,0.030813458663082403,0.02725397791597051,0.027686486220973923,0.015411451188984633,0,0,0,0
2008-05-21,-0.0175793096025266,0.025478674138628282,0.023188235080883347,0.023329102248028286,0.030813458663082403,0.027357943610915463,0.02779091329349024,0.01715633322861971,0,0,0,1
2008-05-22,-0.0053259253967835,0.025478674138628282,0.023280315452060867,0.023420846540880925,0.030813458663082403,0.02744007596733257,0.02787201267871474,0.02024224428903885,0,0,0,0
2008-05-23,-0.015042686943899,0.025478674138628282,0.023260770268558675,0.023400628776395548,0.030813458663082403,0.02740062219391874,0.027830491658683443,0.019396497821707357,0,0,0,0
2008-05-30,-0.0054761607457254,0.025478674138628282,0.02338739964810382,0.023527606994926852,0.030813458663082403,0.027537577307456085,0.027968518964614268,0.02087219066396342,0,0,0,0
2008-06-02,-0.0137976429894183,0.025478674138628282,0.023390925978685764,0.023531141923200688,0.030813458663082403,0.027541358132182708,0.027972326215228518,0.019938217844781538,0,0,0,0
2008-06-03,-0.0062351680706402,0.025478674138628282,0.023456984551022436,0.023596890000000873,0.030813458663082403,0.027598225947629194,0.028028239690805753,0.020806889151374568,0,0,0,0
2008-06-04,-0.0097592542515892,0.025478674138628282,0.023479140478175158,0.023618782607917242,0.030813458663082403,0.027612587549899866,0.02804179195440305,0.01996185451638032,0,0,0,0
2008-06-05,-0.0009477633612264,0.025478674138628282,0.02351104654138866,0.02365079433244767,0.030813458663082403,0.02764762121838448,0.028077150383779628,0.01984708254434897,0,0,0,0
2008-06-06,-0.0218758054314417,0.025478674138628282,0.023513778801199495,0.02365351950184352,0.030813458663082403,0.027650143599879082,0.028079650972156724,0.018868544142782127,0,0,0,1
2008-06-09,-0.0005646299471448,0.025478674138628282,0.023571560637358435,0.023710449561487847,0.030813458663082403,0.027682712607025768,0.02810960195684558,0.022982140180622133,0,0,0,0
2008-06-10,-0.0129203643755031,0.025478674138628282,0.023487808329463778,0.023626459899913212,0.030813458663082403,0.02759193456216144,0.028018094381107878,0.021645885989617777,0,0,0,0
2008-06-11,-0.0130241190089957,0.025478674138628282,0.023572931763904712,0.02371157918972836,0.030813458663082403,0.027676935314491034,0.028103082394505142,0.021943446144281988,0,0,0,0
2008-06-12,0.0114811074237024,0.025478674138628282,0.023649863875951718,0.023788404812522236,0.030813458663082403,0.02775071531411791,0.028176535088493233,0.02224860125987333,0,0,0,0
2008-06-13,0.0016608603162508,0.025478674138628282,0.023674657303637194,0.02381359816417851,0.030813458663082403,0.027787346605985593,0.02821439558769289,0.023123299012074442,0,0,0,0
2008-06-16,0.0159272631598168,0.025478674138628282,0.023640773492593078,0.023779708780918403,0.030813458663082403,0.027753297855750904,0.028180329710681,0.022023014572673014,0,0,0,0
2008-06-17,0.005930279270619,0.025478674138628282,0.023697081849787784,0.023836658985348157,0.030813458663082403,0.027828605075101997,0.028257609713323268,0.024342148717377683,0,0,0,0
2008-06-18,-0.0103220282159651,0.025478674138628282,0.02369957321870007,0.023839233142056784,0.030813458663082403,0.027833546986518805,0.02826280608152109,0.023657969518266236,0,0,0,0
2008-06-19,-0.0088232529173377,0.025478674138628282,0.023744934591395737,0.02388473574983588,0.030813458663082403,0.027883088958172084,0.028312782153685382,0.02312998270110593,0,0,0,0
2008-06-20,-0.0188310080584798,0.025478674138628282,0.023796187479250636,0.023936056362868448,0.030813458663082403,0.02793634653070071,0.028366247886492026,0.022480176713384325,0,0,0,0
2008-06-23,0.0044140201469696,0.025478674138628282,0.023967014332832912,0.024107502425445293,0.030813458663082403,0.028125502148031594,0.028557306706160687,0.024388436150964934,0,0,0,0
2008-06-24,0.0068236972849391,0.025478674138628282,0.023933069446279907,0.02407362329533616,0.030813458663082403,0.028093503671067572,0.028525510338369486,0.023440974048879952,0,0,0,0
2008-06-25,0.0120589852176598,0.025478674138628282,0.023850149068517734,0.023990662508709487,0.030813458663082403,0.0280093871793322,0.0284412696458456,0.022937533521330527,0,0,0,0
2008-06-26,-0.0108935354908635,0.025478674138628282,0.02387009300902962,0.024011079264697623,0.030813458663082403,0.028043326593483655,0.028476662306845264,0.02375071751429632,0,0,0,0
2008-06-27,0.015480514321833,0.025478674138628282,0.02393677475293019,0.024077928794685895,0.030813458663082403,0.028114974853679642,0.028548826274786394,0.023364566228171395,0,0,0,0
2008-06-30,0.0010156186419855,0.025478674138628282,0.02398300742502221,0.024124672800143153,0.030813458663082403,0.02817634313996718,0.02861176619660351,0.025240170941154903,0,0,0,0
2008-07-01,0.0303316534376818,0.025478674138628282,0.02389427512159669,0.024035716366141702,0.030813458663082403,0.028080976507242377,0.028515710675571505,0.023714886806844672,0,0,0,0
2008-07-02,-0.0092806539131306,0.025478674138628282,0.024119694700789323,0.024263528251117248,0.030813458663082403,0.028377209023414,0.028819296188871142,0.031834771885110434,0,0,0,0
2008-07-03,0.0228504348706868,0.025478674138628282,0.024168135335057177,0.02431180806665813,0.030813458663082403,0.02842088937726139,0.028862482249871018,0.030231997127425678,0,0,0,0
2008-07-07,-0.0052047373332128,0.025478674138628282,0.024295627906398706,0.024440658819428585,0.030813458663082403,0.028588584508250473,0.02903435189074824,0.0335252474814005,0,0,0,0
2008-07-08,0.0094320035532886,0.025478674138628282,0.024322134643232633,0.024467058863138096,0.030813458663082403,0.028611933098015897,0.029057372548255588,0.031220701080659344,0,0,0,0
2008-07-09,-0.0087954966852046,0.025478674138628282,0.02432296746855903,0.02446818869384052,0.030813458663082403,0.02862155736761555,0.02906790969433305,0.030079049455841306,0,0,0,0
2008-07-10,0.0142753127884374,0.025478674138628282,0.024376975521605233,0.024522246061601957,0.030813458663082403,0.028677025150369784,0.029123529050921228,0.02854077820589669,0,0,0,0
2008-07-11,0.0052755117840351,0.025478674138628282,0.024370567635713106,0.0245163660983672,0.030813458663082403,0.028686243926476035,0.02913437045144748,0.028930691834601834,0,0,0,0
2008-07-14,0.0059394118429888,0.025478674138628282,0.02436045559322588,0.024506371719006485,0.030813458663082403,0.028679614746264147,0.029128102920919965,0.027477366916025488,0,0,0,0
2008-07-15,0.0118715236395996,0.025478674138628282,0.02431091608318451,0.02445688022368672,0.030813458663082403,0.028631496485746557,0.02908013223857258,0.026210787970616097,0,0,0,0
2008-07-16,0.0197360725072976,0.025478674138628282,0.024332568689654423,0.02447888149092195,0.030813458663082403,0.028663469550820934,0.029113176948260447,0.0264291679879863,0,0,0,0
2008-07-17,0.0050134503786272,0.025478674138628282,0.02441721470479917,0.024564491243256815,0.030813458663082403,0.028776642463068713,0.029229312005582535,0.02907491037325765,0,0,0,0
2008-07-18,-0.0074440021852942,0.025478674138628282,0.024382693690685225,0.02453003285927554,0.030813458663082403,0.028743975318836077,0.029196837361484682,0.027537674650951572,0,0,0,0
2008-07-21,-0.0171258404980069,0.025478674138628282,0.024399930078590593,0.024547317699300852,0.030813458663082403,0.02876264590338154,0.02921565686858901,0.026157348528342943,0,0,0,0
2008-07-22,-0.0092468928397373,0.025478674138628282,0.024548856545363224,0.024696751003154736,0.030813458663082403,0.028926574893054825,0.029381143674002012,0.027000566485868193,0,0,0,0
2008-07-23,-0.0023962891312134,0.025478674138628282,0.02453376061005724,0.024681597841931305,0.030813458663082403,0.0289097850541874,0.029364177945409436,0.025850029542096406,0,0,0,0
2008-07-24,-0.0334186041511815,0.025478674138628282,0.02450709173236799,0.02465487264157777,0.030813458663082403,0.028881449009489312,0.029335668787227417,0.024250404425812173,1,1,1,1
2008-07-25,0.0017180901378851,0.026236869968382693,0.02489154217982603,0.025040429582828077,0.031919914715216116,0.029298651990398102,0.029756272690265307,0.03259179641515676,0,0,0,0
2008-07-28,-0.0027736274973721,0.026236869968382693,0.024889470715467196,0.025038373800800533,0.031919914715216116,0.029297044727541147,0.02975471362866162,0.030461110459604836,0,0,0,0
2008-07-29,0.0262662366212148,0.026236869968382693,0.02489448903500195,0.02504339282926985,0.031919914715216116,0.029302084031742066,0.0297597551118456,0.028508286804971875,0,0,0,0
2008-07-30,0.00802649648357,0.026236869968382693,0.02505595863565043,0.025206389712125056,0.031919914715216116,0.029508761623537376,0.029971126962109025,0.03363781382783318,0,0,0,0
2008-07-31,-0.0035808784477374,0.026236869968382693,0.025046344552299607,0.025196990357411266,0.031919914715216116,0.029505503569399225,0.029968528898454833,0.032071518760140104,0,0,0,0
2008-08-01,-0.0078265959070051,0.026236869968382693,0.02506584261563919,0.025216414112709785,0.031919914715216116,0.029522802093421365,0.029985599029093302,0.03005590835736368,0,0,0,0
2008-08-04,-0.0126853947416542,0.026236869968382693,0.02510806578804283,0.02525870105558106,0.031919914715216116,0.029566912889948126,0.030029905830691282,0.028531090642606848,0,0,0,0
2008-08-05,-0.0017955433186384,0.026236869968382693,0.0251311970170874,0.025281924959355752,0.031919914715216116,0.0295927873175715,0.030056065103600448,0.027853363816892875,0,0,0,0
2008-08-06,0.009748361282954,0.026236869968382693,0.025140789420959937,0.02529148622001435,0.031919914715216116,0.0296014578733836,0.030064639937551114,0.026267605893382454,0,0,0,0
2008-08-07,-0.002805325791922,0.026236869968382693,0.025124926832641156,0.025275902673953434,0.031919914715216116,0.029593855015890926,0.03005789474505066,0.026058709512154016,0,0,0,0
2008-08-08,0.0136004295978118,0.026236869968382693,0.025129377315800817,0.02528035467801467,0.031919914715216116,0.029598350518173167,0.030062394921979832,0.024585873045997995,0,0,0,0
2008-08-11,0.0094501400670079,0.026236869968382693,0.025113094738821767,0.025264520295662084,0.031919914715216116,0.029595334630621962,0.030060756606570423,0.02552675630951582,0,0,0,0
2008-08-12,0.0039024156928907,0.026236869968382693,0.025072753306507694,0.025224370969843837,0.031919914715216116,0.029560679605655768,0.030026692040617538,0.02521887109353148,0,0,0,0
2008-08-13,0.0028690704521136,0.026236869968382693,0.025061134393132085,0.02521282173038867,0.031919914715216116,0.029551123060298636,0.030017349645199153,0.02403358901152299,0,0,0,0
2008-08-14,0.0187922400791896,0.026236869968382693,0.024859268158271483,0.02501024697711217,0.031919914715216116,0.029328284477215687,0.02979233335811429,0.022896679254735226,0,0,0,0
2008-08-15,0.0139797034332526,0.026236869968382693,0.024776902633646354,0.02492827508510494,0.031919914715216116,0.02925757059092353,0.029722829342035875,0.025641859712973364,0,0,0,0
2008-08-18,0.0137596962584451,0.026236869968382693,0.024788235306561133,0.024940120751322906,0.031919914715216116,0.02928408801267293,0.029750923501304354,0.026288051451295313,0,0,0,0
2008-08-19,-0.0047795406119441,0.026236869968382693,0.024687280330235175,0.02483925934863777,0.031919914715216116,0.029185902842940245,0.029653025939751675,0.026636640220928307,0,0,0,0
2008-08-20,0.0001483280110642,0.026236869968382693,0.024696750985704945,0.024848343351809483,0.031919914715216116,0.02918392847954538,0.029649863160871846,0.025362189975567394,0,0,0,0
2008-08-21,0.0149061007793489,0.026236869968382693,0.024668547604765164,0.024820106775392373,0.031919914715216116,0.029154742502960528,0.029620575154583606,0.023962751330746372,0,0,0,0
2008-08-22,0.0114044129298074,0.026236869968382693,0.024420626072998296,0.024571596156516304,0.031919914715216116,0.0288893838238872,0.02935340585587585,0.024800968118357206,0,0,0,0
2008-08-25,0.0106038852268382,0.026236869968382693,0.024430832178418578,0.02458194664838309,0.031919914715216116,0.028903863809515276,0.029368329628052463,0.024917446961164543,0,0,0,0
2008-08-26,0.011240781408285,0.026236869968382693,0.024422577576114136,0.02457359033076,0.031919914715216116,0.028892598404620058,0.029356751590695614,0.02492292351023027,0,0,0,0
2008-08-27,0.0063026327836814,0.026236869968382693,0.02440934369480297,0.02456020347117428,0.031919914715216116,0.02887483632252761,0.02933851931419011,0.02522059671411665,0,0,0,0
2008-08-28,-0.0048812712124748,0.026236869968382693,0.024405572805048216,0.02455654417930217,0.031919914715216116,0.02887436876209099,0.029338394761288907,0.02437241714586371,0,0,0,0
2008-08-29,-0.0171467588863788,0.026236869968382693,0.02442830118439182,0.024579299160741006,0.031919914715216116,0.028897884571079554,0.02936199233454492,0.02326555166698703,0,0,0,0
2008-09-03,0.0089762714799111,0.026236869968382693,0.024454219142478334,0.02460533754305033,0.031919914715216116,0.028927367120683296,0.02939184502034562,0.024464393039339238,0,0,0,0
2008-09-04,-0.0014746001335492,0.026236869968382693,0.024447459526415877,0.02459880325173854,0.031919914715216116,0.028927277181834684,0.02939244764022272,0.024090018920868848,0,0,0,0
2008-09-05,-0.0186715882897916,0.026236869968382693,0.024383131594953693,0.02453429013722568,0.031919914715216116,0.02885746777898598,0.029322069058279325,0.022778242739814148,0,0,0,0
2008-09-08,0.0036444770295322,0.026236869968382693,0.024526403304517275,0.024678168555987784,0.031919914715216116,0.029018698254751823,0.029485164316978084,0.02459788616872404,0,0,0,0
2008-09-09,-0.0265733617632026,0.026236869968382693,0.024524299614140446,0.024676092973605852,0.031919914715216116,0.029017426569081666,0.029483979024112393,0.023598158183557365,1,1,1,1
2008-09-10,-0.0061818009278484,0.026534457651910953,0.02484732342393741,0.025000452636619663,0.03194461573825843,0.029379992017047746,0.02985065035391728,0.028057168695608217,0,0,0,0
2008-09-11,-0.0092614138267345,0.026534457651910953,0.024886427006770514,0.0250395196702508,0.03194461573825843,0.029418013733024998,0.02988855973217457,0.026779777567522464,0,0,0,0
2008-09-12,-0.0275632104110732,0.026534457651910953,0.02494991171581084,0.02510308235601298,0.03194461573825843,0.029483806575385952,0.029954592243985795,0.02596455919270979,1,1,1,1
2008-09-15,-0.020480078706086,0.02734049446530231,0.02526592084199837,0.025420527659120506,0.032086022687954234,0.02984232695011567,0.030317526855743012,0.030283888105643985,0,0,0,0
2008-09-16,-0.0109227356431247,0.02734049446530231,0.02543267736168498,0.025587440300268556,0.032086022687954234,0.030013704709816423,0.030489384470764016,0.03146067914068923,0,0,0,0
2008-09-17,-0.0486951061183037,0.02734049446530231,0.02549519865380046,0.025650141283992588,0.032086022687954234,0.030081544925057508,0.030557776986589364,0.03027704023467898,1,1,1,1
2008-09-18,0.0096026010142166,0.029420630194038594,0.026300259221834203,0.026459518367922083,0.0351048649318443,0.03101437560102565,0.03150387491677359,0.045220370409354727,0,0,0,0
2008-09-19,0.0455101072475453,0.029420630194038594,0.026297180064343575,0.026456396255917745,0.0351048649318443,0.03101002497761541,0.031499392268260956,0.04250616160232262,0,0,0,0
2008-09-22,-0.0113968328308419,0.029420630194038594,0.02678843471141706,0.026952158759855568,0.0351048649318443,0.03163471348014543,0.03213793613109389,0.05433752266452887,0,0,0,0
2008-09-23,0.011406313557318,0.029420630194038594,0.02686228728287745,0.027025946070440853,0.0351048649318443,0.03170663431099437,0.032209656375951426,0.05039517498796794,0,0,0,0
2008-09-24,-0.0201191583728582,0.029420630194038594,0.026830622043965014,0.0269939316114049,0.0351048649318443,0.03166463205631452,0.03216658075741333,0.04784366573677502,0,0,0,0
2008-09-25,0.0265303946396505,0.029420630194038594,0.02694836323625342,0.027112191009908446,0.0351048649318443,0.03179771230112571,0.032301253762163,0.04634067436173626,0,0,0,0
2008-09-26,0.0135811594049327,0.029420630194038594,0.027092268432293093,0.02725761907382213,0.0351048649318443,0.03198669482279828,0.03249491697439943,0.048046087683155846,0,0,0,0
2008-09-29,-0.0507045395774796,0.029420630194038594,0.02708383053999108,0.02724961575198731,0.0351048649318443,0.031991120340904025,0.03250067818939646,0.045820372351643185,1,1,1,1
2008-09-30,0.0106522608806423,0.030154071965805093,0.028009602304677476,0.02817995200735381,0.03806838757165989,0.033052002338228845,0.033575589616864104,0.057573262384660054,0,0,0,0
2008-10-01,-0.0092332885422605,0.030154071965805093,0.028018045307091108,0.028188649861471845,0.03806838757165989,0.033067989024151444,0.03359235961563239,0.05392257513853568,0,0,0,0
2008-10-02,-0.0113009341269207,0.030154071965805093,0.028015419571111835,0.02818601511365346,0.03806838757165989,0.033065096535151134,0.033589439427820514,0.050042763149703504,0,0,0,0
2008-10-03,-0.0193329066535649,0.030154071965805093,0.02809255448401102,0.028263195669196415,0.03806838757165989,0.03314358248339024,0.03366806566340538,0.046868111451217546,0,0,0,0
2008-10-06,-0.0411168535549708,0.030154071965805093,0.02826466112123719,0.028435798405923116,0.03806838757165989,0.03333037380804943,0.03385638180074891,0.04544899868245711,1,1,1,0
2008-10-07,-0.0535706305664816,0.03226820401049085,0.0288717765240463,0.029045796125295828,0.03962644522816139,0.034022806607417896,0.03455767369562498,0.052212247436345435,1,1,1,1
2008-10-08,-0.0187879084702976,0.033294181924472456,0.029814966415540052,0.02999336227168281,0.04258430438381317,0.03509553489829716,0.03564385285465468,0.06317369859998959,0,0,0,0
2008-10-09,-0.0436705462983195,0.033294181924472456,0.02996602925175718,0.030144710170820765,0.04258430438381317,0.03525503567868997,0.03580422980516466,0.05983884172570751,1,1,1,0
2008-10-10,-0.0298863910933017,0.03485267709581266,0.03061382400025497,0.030795435068817423,0.04404886754769003,0.035989563692343365,0.03654776393375692,0.06420386004062345,0,0,0,0
2008-10-13,0.040583446784384,0.03485267709581266,0.0309289553766108,0.0311118824840554,0.04404886754769003,0.03634365019688109,0.036905895418744034,0.0633055745498691,0,0,0,0
2008-10-14,0.023066070440632,0.03485267709581266,0.03128068292527785,0.03146678052904758,0.04404886754769003,0.03678922534566164,0.037361215413078866,0.06748054107312425,0,0,0,0
2008-10-15,-0.0317479196278453,0.03485267709581266,0.03132813945793468,0.03151469399444921,0.04404886754769003,0.03685020721855377,0.037423601715615464,0.06512829526642487,0,1,1,0
2008-10-16,-0.0038048174020487,0.03485267709581266,0.031683328959464435,0.03187130351890127,0.04404886754769003,0.037247429805663396,0.0378251888887843,0.06460094899859933,0,0,0,0
2008-10-17,-0.006580226591866,0.03485267709581266,0.03169934905203034,0.03188729629048336,0.04404886754769003,0.03726264118927642,0.037840316298552126,0.059857797471676036,0,0,0,0
2008-10-20,0.0152131303381453,0.03485267709581266,0.031709724960351425,0.03189720711354154,0.04404886754769003,0.037259250440488986,0.037835496062519854,0.05577758252365187,0,0,0,0
2008-10-21,0.0022687277823141,0.03485267709581266,0.03163719849613138,0.03182397617587189,0.04404886754769003,0.037165871360208255,0.037739951710855854,0.05412643948780589,0,0,0,0
2008-10-22,-0.0431786955680123,0.03485267709581266,0.031637469895208874,0.031824141133275544,0.04404886754769003,0.03716299205522635,0.037736745246474995,0.051036671012851406,1,1,1,0
2008-10-23,-0.0139523232536832,0.03530494598700085,0.03224236123707343,0.032431762703032774,0.045178821078273014,0.03784869892539154,0.038430843752022714,0.05618340105307836,0,0,0,0
2008-10-24,-0.0414440533474931,0.03530494598700085,0.032293567287370574,0.032483135988410676,0.045178821078273014,0.03790485518202021,0.03848751402282015,0.05342958004769905,1,1,1,0
2008-10-27,-0.038246664324453,0.039811521074579644,0.03283837515671202,0.03303043212358076,0.04605434643300865,0.038523316433203454,0.03911362321417161,0.0573897373580792,0,1,1,0
2008-10-28,0.0447116293051756,0.04047106097810428,0.03330685804917793,0.03350092373560018,0.04605434643300865,0.0390512580002951,0.03964773878678274,0.059657265948076285,0,0,0,0
2008-10-29,-0.0002969649237653,0.04047106097810428,0.033716997334554466,0.033914644041823254,0.04605434643300865,0.03956739652930429,0.04017488395055746,0.06551427369989242,0,0,0,0
2008-10-30,0.0353764017673424,0.04047106097810428,0.03371968433986858,0.03391731543031238,0.04605434643300865,0.03956962127212179,0.04017706069346201,0.06154006572898931,0,0,0,0
2008-10-31,0.0156392131483509,0.04047106097810428,0.03393602545643998,0.03413611301795868,0.04605434643300865,0.03985867463670948,0.0404736642737821,0.0639052953491583,0,0,0,0
2008-11-03,0.0060060504781799,0.04047106097810428,0.03396547075897392,0.03416601491959942,0.04605434643300865,0.03990163540369804,0.04051802844494449,0.061597874690907634,0,0,0,0
2008-11-04,0.0306426054360679,0.04047106097810428,0.03394863533679284,0.03414931619588747,0.04605434643300865,0.03988884629539095,0.04050565949339921,0.0581722742447887,0,0,0,0
2008-11-05,-0.0040193093785903,0.04047106097810428,0.03409558798975842,0.0342981128290298,0.04605434643300865,0.040090381290204376,0.040712862150365466,0.05967896464171417,0,0,0,0
2008-11-06,-0.0246896798800028,0.04047106097810428,0.034101366595886355,0.03430389288590427,0.04605434643300865,0.0400962028388454,0.04071868815802471,0.05605142708003958,0,0,0,0
2008-11-07,0.0023437376106428,0.04047106097810428,0.03428833914280317,0.034491604058283123,0.04605434643300865,0.04030503891118105,0.04092979447145571,0.05491924471237491,0,0,0,0
2008-11-10,-0.0027942283550511,0.04047106097810428,0.034245749577924346,0.034449016081036045,0.04605434643300865,0.04026249634065729,0.040887256780680954,0.05122904839713864,0,0,0,0
2008-11-11,-0.0279227788150505,0.04047106097810428,0.0342492015818712,0.0344524659022465,0.04605434643300865,0.04026588373498084,0.04089063746614035,0.04753609372416013,0,0,0,0
2008-11-12,-0.0451728279815278,0.04047106097810428,0.03450756592549072,0.0347118138068824,0.04605434643300865,0.04055336176664359,0.04118113857344012,0.048224545460420556,1,1,1,0
2008-11-13,0.0383224226740613,0.04137043339417558,0.035120526976100214,0.035327420251912434,0.046633771351088225,0.04124462725045895,0.04188053494826266,0.05548928693178888,0,0,0,0
2008-11-14,-0.0112124487037242,0.04137043339417558,0.03538223343396497,0.03559182815021656,0.046633771351088225,0.04158629711975415,0.04223050797175084,0.0602208439777037,0,0,0,0
2008-11-17,-0.0273259038782143,0.04137043339417558,0.03544610277498131,0.035655691447280105,0.046633771351088225,0.041649987558035104,0.04229417983332313,0.05676507523566941,0,0,0,0
2008-11-18,-0.0022261479279466,0.04137043339417558,0.035641653691574335,0.03585206858122042,0.046633771351088225,0.04186999474496051,0.04251672648398478,0.055945933821735995,0,0,0,0
2008-11-19,-0.0315087819211943,0.04137043339417558,0.035646779768508045,0.03585718456142584,0.046633771351088225,0.04187482195584242,0.042521522661537,0.052200095509074715,0,0,0,0
2008-11-20,-0.0539235282506082,0.04137043339417558,0.0359632767393125,0.036174836760951214,0.046633771351088225,0.04222551402795667,0.04287576544758079,0.05323455306447453,1,1,1,1
2008-11-21,0.0194227204415692,0.04278840106839547,0.03673802675275679,0.03695344023876133,0.048416553480104665,0.043114327691306194,0.043776423128788426,0.06262919210934995,0,0,0,0
2008-11-24,0.0222934442352711,0.04278840106839547,0.03676829430791231,0.036984512332642,0.048416553480104665,0.04316840982336437,0.04383297809311482,0.060838854399395834,0,0,0,0
2008-11-25,0.0065517555900915,0.04278840106839547,0.03676982813909312,0.036986945610597406,0.048416553480104665,0.04319656753691813,0.043863900348558485,0.05977303322797874,0,0,0,0
2008-11-26,0.0128178461895768,0.04278840106839547,0.036760208341667204,0.036977469091145,0.048416553480104665,0.04319118880858204,0.04385896199976556,0.05625948820877429,0,0,0,0
2008-11-28,0.0100601110835846,0.04278840106839547,0.03669156742489365,0.03690906658465214,0.048416553480104665,0.04312960490446255,0.043798110874090114,0.05371094615044836,0,0,0,0
2008-12-01,-0.0458752439716083,0.04278840106839547,0.036673882776103534,0.03689164656909701,0.048416553480104665,0.043119753475290484,0.04378907282230094,0.05099696616494547,1,1,1,0
2008-12-02,0.0070761469977573,0.043559879884000376,0.037217591275895384,0.037437979685592856,0.048801774680618394,0.04374115138192216,0.044418537757497455,0.05743991998168293,0,0,0,0
2008-12-03,0.0038783667893128,0.043559879884000376,0.037158221662093344,0.037378688844996996,0.048801774680618394,0.043684113477605126,0.04436174197070694,0.05412606813274721,0,0,0,0
2008-12-04,-0.010447664783052,0.043559879884000376,0.037141679535604655,0.03736222299624842,0.048801774680618394,0.043669829194090584,0.04434769213464809,0.05085205344032759,0,0,0,0
2008-12-05,0.0045315225739675,0.043559879884000376,0.03719744278276706,0.03741785956319142,0.048801774680618394,0.04372184267044299,0.0443993162463565,0.04795016446078269,0,0,0,0
2008-12-08,-0.0007471751246817,0.043559879884000376,0.03718189921056837,0.03740240758800564,0.048801774680618394,0.04370901039608463,0.04438676550480957,0.045086622104924,0,0,0,0
2008-12-09,-0.0030757840312226,0.043559879884000376,0.03718352171864248,0.03740402493758814,0.048801774680618394,0.04371048021132809,0.04438821946490009,0.042011520362561436,0,0,0,0
2008-12-10,-0.0062090728995584,0.043559879884000376,0.037154313605274464,0.037374773586656015,0.048801774680618394,0.04367999225366756,0.04435759861215276,0.038923347087065255,0,0,0,0
2008-12-11,-0.0115401970768297,0.043559879884000376,0.03715725315635065,0.037377717540602845,0.048801774680618394,0.04368306213097706,0.04436068202213666,0.03597880073134103,0,0,0,0
2008-12-12,0.0275541062826832,0.043559879884000376,0.03712172377266586,0.03734206328007987,0.048801774680618394,0.04364383635708347,0.044321072426476184,0.03393802738671939,0,0,0,0
2008-12-15,0.0054894684270962,0.043559879884000376,0.03722307345033418,0.03744448344418508,0.048801774680618394,0.04377687274016107,0.04445739905938398,0.04000043690876145,0,0,0,0
2008-12-16,-0.0017618440470412,0.043559879884000376,0.03722276396404165,0.03744419984668343,0.048801774680618394,0.043777329569500145,0.04445793546057643,0.03795789827390247,0,0,0,0
2008-12-17,-0.0007124983989859,0.043559879884000376,0.03722326595729451,0.03744470114970935,0.048801774680618394,0.043777811131837874,0.0444584149014309,0.035466177354517105,0,0,0,0
2008-12-18,0.0207259627608271,0.043559879884000376,0.037221270753185445,0.03744234885794672,0.048801774680618394,0.04376524603081655,0.044444752254890994,0.03331167765660054,0,0,0,0
2008-12-19,-0.0059578745547964,0.043559879884000376,0.037253371229821294,0.0374752963762579,0.048801774680618394,0.04382241918386439,0.0445045288773826,0.03606240386376362,0,0,0,0
2008-12-22,-0.0060132990116857,0.043559879884000376,0.03728181794992529,0.03750355049971214,0.048801774680618394,0.04384516498792377,0.04452668271589033,0.03402898584356901,0,0,0,0
2008-12-23,-0.0134616861027827,0.043559879884000376,0.03731219856302422,0.037533832507861575,0.048801774680618394,0.04387262686625054,0.044553841521794,0.032076011185674026,0,0,0,0
2008-12-24,0.0021667272172416,0.043559879884000376,0.03732736278212685,0.03754904727337344,0.048801774680618394,0.04388928727355673,0.04457065728867194,0.031171276465229863,0,0,0,0
2008-12-26,-0.0001714209116745,0.043559879884000376,0.03732624215830038,0.03754772727784513,0.048801774680618394,0.04388226519020162,0.044563022415947874,0.029616139136960432,0,0,0,0
2008-12-29,0.0214352308243403,0.043559879884000376,0.037333318177021686,0.037554678854241574,0.048801774680618394,0.04388565768043304,0.04456603241993367,0.02794052979165894,0,0,0,0
2008-12-30,0.0250007534104602,0.043559879884000376,0.037346307209446226,0.037568530356424684,0.048801774680618394,0.043924176064956286,0.044607201693696516,0.03232378271419576,0,0,0,0
2008-12-31,0.0060133520844273,0.043559879884000376,0.03740290581547547,0.03762628713032365,0.048801774680618394,0.044015056771942535,0.04470164214838754,0.03668488830893627,0,0,0,0
2009-01-02,0.0116813673453876,0.043559879884000376,0.037233178663015475,0.03745617455506284,0.048801774680618394,0.04383392099408895,0.04451932173403486,0.034763754399702286,0,0,0,0
2009-01-05,-0.0043363901836699,0.043559879884000376,0.037240678304396084,0.037463882231852305,0.048801774680618394,0.04384757854320932,0.044533618701316044,0.03434222341028246,0,0,0,0
2009-01-06,-1.3434704764254004e-05,0.043559879884000376,0.037235094983587035,0.03745829238737481,0.048801774680618394,0.04384180211994434,0.044527822226887184,0.03225359145695445,0,0,0,0
2009-01-07,-0.001596253842834,0.043559879884000376,0.03717163028538659,0.03739472328544854,0.048801774680618394,0.04377524704153008,0.044460946252916175,0.03028110058140901,0,0,0,0
2009-01-08,-0.0050096942123176,0.043559879884000376,0.037099001135305426,0.03732193136602337,0.048801774680618394,0.04369779987220478,0.044382998795321864,0.028409550677752075,0,0,0,0
2009-01-09,-0.0027771241788,0.043559879884000376,0.03712621043609321,0.037349040464764935,0.048801774680618394,0.04372204316369947,0.04440693410555291,0.026958062606582078,0,0,0,0
2009-01-12,-0.0207766939803749,0.043559879884000376,0.037124423401268744,0.037346777383648624,0.048801774680618394,0.04370616502216784,0.04438959278693007,0.02562095604596611,0,0,0,0
2009-01-13,-0.0059748659428437,0.043559879884000376,0.03724611240258749,0.037468904792496656,0.048801774680618394,0.04384083101203207,0.04452560626728933,0.028242575625881956,0,0,0,0
2009-01-14,-0.0175150995426867,0.043559879884000376,0.03727275953737854,0.03749530116277259,0.048801774680618394,0.04386005544528882,0.04454405995009579,0.02695242867532143,0,0,0,0
2009-01-15,-0.0063160292984473,0.043559879884000376,0.03738930375446747,0.037611875405901316,0.048801774680618394,0.04397748844176336,0.04466158523468248,0.028076816595404095,0,0,0,0
2009-01-16,0.0055681214926901,0.043559879884000376,0.03740221937661728,0.03762480488582421,0.048801774680618394,0.04399081425796925,0.04467495364417492,0.026693989638142714,0,0,0,0
2009-01-20,-0.0285692794215776,0.043559879884000376,0.03729000958724249,0.03751244222496457,0.048801774680618394,0.043874079428818574,0.04455774894884025,0.026012022461498488,0,0,0,1
2009-01-21,0.009129053050411,0.043559879884000376,0.0375525192388488,0.03777584297299367,0.048801774680618394,0.0441629657899913,0.04484937418624043,0.031466033805820186,0,0,0,0
2009-01-22,-0.0028607527400167,0.043559879884000376,0.03752489923300544,0.037748435899795756,0.048801774680618394,0.044141648651494704,0.044828711518063474,0.030887769437381543,0,0,0,0
2009-01-23,-0.000195867714032,0.043559879884000376,0.03744828919245738,0.0376716337183568,0.048801774680618394,0.044059351185494956,0.044745823487333664,0.02916438738455357,0,0,0,0
2009-02-02,-0.0056088328980257,0.043559879884000376,0.03735838298077998,0.03758153009966325,0.048801774680618394,0.04396360166954874,0.04464946722068143,0.027642379231576256,0,0,0,0
2009-02-03,-0.0078488269215371,0.043559879884000376,0.03734304417717565,0.037566161057776284,0.048801774680618394,0.04394736780410976,0.044633140414780156,0.02626753409965573,0,0,0,0
2009-02-04,-0.0136601297689668,0.043559879884000376,0.037357084308577156,0.037580227036562996,0.048801774680618394,0.04396217302552325,0.04464802508078246,0.025197139185441857,0,0,0,0
2009-02-05,0.0001757078947379,0.043559879884000376,0.037431929053050775,0.03765522758709531,0.048801774680618394,0.04404162967399933,0.04472796061515609,0.02529699864252507,0,0,0,0
2009-02-06,0.0214608261957164,0.043559879884000376,0.0373612303036721,0.037584406892501976,0.048801774680618394,0.043967321311308545,0.04465327744134393,0.024076703193132164,0,0,0,0
2009-02-09,0.0077221231919621,0.043559879884000376,0.03740316482049637,0.03762721753515046,0.048801774680618394,0.04403518940368955,0.044723838396282585,0.028749712028662597,0,0,0,0
2009-02-10,-0.0301140716259013,0.043559879884000376,0.03737680042637174,0.03760101395554157,0.048801774680618394,0.04401358516533182,0.04470272843782873,0.02809671670627682,0,0,0,1
2009-02-11,-0.0107476747912107,0.043559879884000376,0.03737523959503362,0.037599445469683794,0.048801774680618394,0.044011797758017446,0.04470091750356331,0.03344490367658571,0,0,0,0
2009-02-12,-0.0117164929170029,0.043559879884000376,0.03738688608415952,0.037610343237327384,0.048801774680618394,0.04400128187663,0.044688100349926936,0.03214645342363495,0,0,0,0
2009-02-13,0.0023265011960911,0.043559879884000376,0.03723272426531131,0.03745554099552033,0.048801774680618394,0.04382816335460926,0.044513013422273956,0.031075215212266482,0,0,0,0
2009-02-17,-0.039507859874861,0.043559879884000376,0.03722563975032009,0.0374481471514774,0.048801774680618394,0.043811922611012064,0.04449582192411813,0.02962606759855732,0,1,1,1
2009-02-18,-0.017645854089888,0.043559879884000376,0.03730736389041947,0.03753029432026373,0.048801774680618394,0.04390616852151498,0.04459136805666722,0.039041085452532785,0,0,0,0
2009-02-19,-0.006780560384793,0.043559879884000376,0.037350527901225554,0.037573621582930455,0.048801774680618394,0.04395416483419555,0.04463986614068113,0.03817227808288581,0,0,0,0
2009-02-20,-0.0199451072362738,0.043559879884000376,0.037369874265993655,0.03759298753050739,0.048801774680618394,0.04397409085571906,0.044659852351975594,0.03589861267208892,0,0,0,0
2009-02-23,-0.0263571881048285,0.043559879884000376,0.03751543413597425,0.037738918185759716,0.048801774680618394,0.044130626076036045,0.0448175272188451,0.03602069914534571,0,0,0,0
2009-02-24,0.006558305044652,0.043559879884000376,0.03773062407854869,0.0379544668768516,0.048801774680618394,0.04435643507756992,0.045044438870733026,0.038005943425372,0,0,0,0
2009-02-25,0.0060139605887796,0.043559879884000376,0.03768298978007283,0.03790616942134592,0.048801774680618394,0.044289171140903354,0.044975136652935954,0.03639532681664758,0,0,0,0
2009-02-26,-0.0075693131287368,0.043559879884000376,0.03766588834758174,0.03788874390786401,0.048801774680618394,0.04426247681817926,0.04494744623405567,0.034894164196906934,0,0,0,0
2009-02-27,-0.0155841775502317,0.043559879884000376,0.037696894513518056,0.0379194712504727,0.048801774680618394,0.04428522973368734,0.04496934215747608,0.03313364097083109,0,0,0,0
2009-03-02,-0.0109359155987654,0.043559879884000376,0.03772335088900625,0.037945093540505626,0.048801774680618394,0.044286996940591204,0.04496854571720701,0.03273109396955998,0,0,0,0
2009-03-03,-0.0285020948481983,0.043559879884000376,0.03741060639468425,0.03763094612719104,0.048801774680618394,0.04393272564191257,0.04460996240315101,0.031647407853208985,0,0,0,0
2009-03-04,0.017557807634521,0.043559879884000376,0.03762817971063318,0.0378494064629427,0.048801774680618394,0.044176554998305285,0.0448565181058614,0.035090165555549474,0,0,0,0
2009-03-05,-0.004653363009986,0.043559879884000376,0.03764579877892188,0.037867687669947615,0.048801774680618394,0.04421377356241013,0.04489577182120547,0.03628016357486049,0,0,0,0
2009-03-06,-0.0017322673469792,0.043559879884000376,0.037647088217061225,0.03786897790895438,0.048801774680618394,0.04421508670645468,0.04489708742679817,0.034232930203416057,0,0,0,0
2009-03-09,-0.0007100435687558,0.043559879884000376,0.03745286647839826,0.03767409239909219,0.048801774680618394,0.04400121715001045,0.044681177701510776,0.03238544957010869,0,0,0,0
2009-03-10,0.0370258669922927,0.043559879884000376,0.03734930010300858,0.037570271804472685,0.048801774680618394,0.04389012581254048,0.04456930499517058,0.030691795392632584,0,0,0,0
2009-03-11,0.0110843703101018,0.043559879884000376,0.03723965960032764,0.03746173797892034,0.048801774680618394,0.04381324327011842,0.044495823938380655,0.04005324597092007,0,0,0,0
2009-03-12,-0.0024561214064525,0.043559879884000376,0.037186195866729624,0.037408489086192605,0.048801774680618394,0.043766138887869524,0.0444493798915761,0.03888352148897101,0,0,0,0
2009-03-13,0.004710424261369,0.043559879884000376,0.03710201824817524,0.0373230052120234,0.048801774680618394,0.04364329572865078,0.044322521821783284,0.037146197106448814,0,0,0,0
2009-03-16,0.0200326773058811,0.043559879884000376,0.037024321259799375,0.03724525964940019,0.048801774680618394,0.04356416092862862,0.04424323772383117,0.03539588580031517,0,0,0,0
2009-03-17,0.0176251217494476,0.043559879884000376,0.03704335121514776,0.037265070485820354,0.048801774680618394,0.04360630518755757,0.04428778210080485,0.03684147329333025,0,0,0,0
2009-03-18,0.0294635012100481,0.043559879884000376,0.03700132511156123,0.037223544575058276,0.048801774680618394,0.04357908493496576,0.044262099242148197,0.037340027595549004,0,0,0,0
2009-03-19,-0.0184317390900261,0.043559879884000376,0.036931562590892204,0.03715469860337599,0.048801774680618394,0.043536452527052294,0.04422228394152732,0.04152850126014902,0,0,0,0
2009-03-20,0.0021358712312474,0.043559879884000376,0.03689015671518912,0.037113113799440274,0.048801774680618394,0.04348975032436981,0.04417503178457476,0.040608728449990125,0,0,0,0
2009-03-23,0.0090127911949891,0.043559879884000376,0.036714775408263,0.03693721716686562,0.048801774680618394,0.04329911523051822,0.043982812784501515,0.038166900159978395,0,0,0,0
2009-03-24,0.0095084955994208,0.043559879884000376,0.03663005911206263,0.036852528084929996,0.048801774680618394,0.043215204484355785,0.04389898568417229,0.036658814996777776,0,0,0,0
2009-03-25,0.0397974809606078,0.043559879884000376,0.03663214574590099,0.03685472683811448,0.048801774680618394,0.04322060988298056,0.04390473569310394,0.03553041550127765,0,0,0,0
2009-03-26,0.0270414166249925,0.043559879884000376,0.03684688896817172,0.037071413053300764,0.048801774680618394,0.04349286625255194,0.044182964050633544,0.044746540444879454,0,0,0,0
2009-03-27,-0.00639069796442,0.043559879884000376,0.036939487804748775,0.037165179439557494,0.048801774680618394,0.043620024894350067,0.04431371127609132,0.04690085430171514,0,0,0,0
2009-03-30,-0.0298849487117522,0.043559879884000376,0.03697741794506036,0.03720300392044173,0.048801774680618394,0.04365482748532236,0.04434818911197945,0.044156833726953074,0,0,0,0
2009-03-31,0.0030517277065134,0.043559879884000376,0.0372597253017791,0.037486402414230714,0.048801774680618394,0.04396943281211778,0.04466614816044418,0.04608823091737338,0,0,0,0
2009-04-01,0.0287465772548115,0.043559879884000376,0.03725780520293365,0.037484497642992415,0.048801774680618394,0.04396796641483797,0.044664728874136625,0.04341150859645912,0,0,0,0
2009-04-02,0.0231541463424089,0.043559879884000376,0.03727187795299029,0.03749977264703889,0.048801774680618394,0.044017626227645136,0.04471808393785927,0.04612885285366599,0,0,0,0
2009-04-03,0.0260124227311792,0.043559879884000376,0.03716551161913343,0.037393849558710834,0.048801774680618394,0.04392438008850668,0.044626200159303485,0.04655439354212124,0,0,0,0
2009-04-07,0.009720085342671,0.043559879884000376,0.03719157061897012,0.03742097510091254,0.048801774680618394,0.04398200904809446,0.044687107246212124,0.04787609769054335,0,0,0,0
2009-04-08,-0.014052531266809,0.043559879884000376,0.036981858436761404,0.037210770534587524,0.048801774680618394,0.043757722154891036,0.044461306959938766,0.04521771029484651,0,0,0,0
2009-04-09,0.0151732592899606,0.043559879884000376,0.037076186365744265,0.03730528501617317,0.048801774680618394,0.04385757209439553,0.0445617302879968,0.04345694597486218,0,0,0,0
2009-04-13,0.0518303628676884,0.043559879884000376,0.03678494055285346,0.03701331815863222,0.048801774680618394,0.04354498315315797,0.044246925142091956,0.042178931258485444,0,0,0,0
2009-04-14,-0.0261524179971918,0.043559879884000376,0.0369600072064016,0.037191562954989495,0.048801774680618394,0.043814123744937934,0.04452583408167884,0.05223774672206457,0,0,0,0
2009-04-15,0.0137668180686855,0.043559879884000376,0.037206673413434706,0.0374390409357233,0.048801774680618394,0.04408481868622399,0.04479902409267234,0.05245931518815272,0,0,0,0
2009-04-16,0.0166983131548709,0.043559879884000376,0.037214258890221605,0.03744686124817929,0.048801774680618394,0.04409935536613655,0.04481428256409362,0.05067838851497706,0,0,0,0
2009-04-17,-0.0142036777529707,0.043559879884000376,0.03722600505700562,0.03745904549874783,0.048801774680618394,0.04412406893852841,0.04484034263191782,0.04958930738546641,0,0,0,0
2009-04-20,-0.0415550721600764,0.043559879884000376,0.03732970495351438,0.037562891249404935,0.048801774680618394,0.044232086159640395,0.044948808150710465,0.0478580413412716,0,1,1,0
2009-04-21,-0.0207678672433959,0.043559879884000376,0.03776292065467188,0.037997122572552985,0.048801774680618394,0.04469536456286769,0.04541520817226642,0.05326689018521912,0,0,0,0
2009-04-22,0.029002361823515,0.043559879884000376,0.03790301522402528,0.03813770709770017,0.048801774680618394,0.04484996196417315,0.04557131150294356,0.052084462160709145,0,0,0,0
2009-04-23,-0.0090222255301982,0.043559879884000376,0.03799703000310477,0.03823300839765977,0.048801774680618394,0.044982058130112315,0.045707361922726085,0.05346069731506926,0,0,0,0
2009-04-24,0.0027487956365091,0.043559879884000376,0.038054158503494924,0.03829014981992068,0.048801774680618394,0.045039569121581045,0.04576491263088958,0.05105706645942198,0,0,0,0
2009-04-27,0.0004049559949127,0.043559879884000376,0.038058121152946406,0.0382939574967465,0.048801774680618394,0.045038944536886893,0.04576381172193975,0.048778408389394054,0,0,0,0
2009-04-28,0.0019200914100737,0.043559879884000376,0.03806663317378946,0.0383024251112776,0.048801774680618394,0.045046142118166065,0.04577087281586576,0.046493536046152834,0,0,0,0
2009-04-29,0.02123544158326,0.043559879884000376,0.038055121906251106,0.038290933586378105,0.048801774680618394,0.045035215238397576,0.045760006617122186,0.044166546820456495,0,0,0,0
2009-05-04,0.0410336717446486,0.043559879884000376,0.03808445470675193,0.038320993469014,0.048801774680618394,0.045086069878529936,0.04581309601875084,0.04453368700314843,0,0,0,0
2009-05-05,0.0189865838325069,0.043559879884000376,0.03814243898570179,0.03838097093937485,0.048801774680618394,0.045203053194635315,0.045936205613037406,0.05043586253661329,0,0,0,0
2009-05-06,0.0076604486827505,0.043559879884000376,0.03816633096127103,0.03840537213064722,0.048801774680618394,0.045242018100994576,0.04597673564607462,0.04987003579004816,0,0,0,0
2009-05-07,0.0123989440011118,0.043559879884000376,0.03816603059891711,0.03840509231320071,0.048801774680618394,0.04524232587378979,0.04597710656574942,0.048029678100202804,0,0,0,0
2009-05-08,-0.0030483662008778,0.043559879884000376,0.038168758639049546,0.038407888251309516,0.048801774680618394,0.04524706371348707,0.045982053096839254,0.04737284656636079,0,0,0,0
2009-05-11,-0.0009331311587808,0.043559879884000376,0.03817131641971805,0.03841044805353103,0.048801774680618394,0.04524968133270424,0.04598467692950689,0.04477569432384361,0,0,0,0
2009-05-12,0.0115795093245016,0.043559879884000376,0.038102204356069404,0.038341178556489795,0.048801774680618394,0.04517590919550329,0.04591042090463076,0.04208453980231217,0,0,0,0
2009-05-13,0.0008444995019088,0.043559879884000376,0.03807660630637529,0.03831580458598474,0.048801774680618394,0.04515694395404231,0.04589214439353418,0.040563126530115776,0,0,0,0
2009-05-14,-0.0163279980608727,0.043559879884000376,0.038069184776984406,0.038308389601759,0.048801774680618394,0.04514971616341606,0.04588493672014414,0.03839492269155205,0,0,0,0
2009-05-15,0.0109935340504742,0.043559879884000376,0.03818354152068427,0.038423045720315074,0.048801774680618394,0.045272934488681825,0.04600907520472801,0.03778761611831241,0,0,0,0
2009-05-18,0.0342410758395535,0.043559879884000376,0.038174674234531726,0.03841437966178852,0.048801774680618394,0.045270023597944596,0.04600678280773289,0.036747826591023415,0,0,0,0
2009-05-19,-0.0067640015653245,0.043559879884000376,0.03830323363716343,0.038544652224335646,0.048801774680618394,0.045449293025186334,0.04619131780764011,0.04156889349138719,0,0,0,0
2009-05-20,0.0280914834378505,0.043559879884000376,0.03834652321799783,0.038587948008513555,0.048801774680618394,0.04549276622676708,0.04623481007583324,0.0399081013811929,0,0,0,0
2009-05-21,-0.0247031597900783,0.043559879884000376,0.038415867668650135,0.03865844688437181,0.048801774680618394,0.04559628199445562,0.04634187408776566,0.042011676731325345,0,0,0,0
2009-05-22,0.0086445920312379,0.043559879884000376,0.03857318395575675,0.038816403809456314,0.048801774680618394,0.04577256134936023,0.046520122509185594,0.04238755969422673,0,0,0,0
2009-05-26,0.0183654811457696,0.043559879884000376,0.038519133479902004,0.03876242683309855,0.048801774680618394,0.04572068647968626,0.04646847354775214,0.04063978910997284,0,0,0,0
2009-05-27,-0.0091931276716694,0.043559879884000376,0.038485902095157384,0.03872965127766066,0.048801774680618394,0.045700947773093935,0.04645013587927424,0.040250391360029864,0,0,0,0
2009-05-28,-0.0040362344466953,0.043559879884000376,0.03852545482018924,0.03876928943654082,0.048801774680618394,0.04574302936452709,0.046492480060400465,0.03867924139178082,0,0,0,0
2009-05-29,0.019864635071244,0.043559879884000376,0.03848511539566785,0.03872884896442483,0.048801774680618394,0.04569969890223776,0.0464488390179678,0.03686334357753549,0,0,0,0
2009-06-01,0.0127180350252859,0.043559879884000376,0.03846476380437677,0.03870904488694875,0.048801774680618394,0.045695553876827236,0.0464463768324091,0.037123672032216344,0,0,0,0
2009-06-02,0.0172221033018513,0.043559879884000376,0.038442419270237116,0.03868694692842912,0.048801774680618394,0.04568050805172632,0.04643208888275991,0.036221036907187344,0,0,0,0
2009-06-03,0.0163799668752857,0.043559879884000376,0.03840067910347968,0.03864558198587524,0.048801774680618394,0.04564987462896023,0.04640260875005853,0.035964557225359524,0,0,0,0
2009-06-04,0.0216064347226591,0.043559879884000376,0.0383848583822361,0.0386301494601421,0.048801774680618394,0.04564554460611007,0.046399471885914804,0.035590417334220116,0,0,0,0
2009-06-05,0.0010148778684851,0.043559879884000376,0.03831869894941288,0.03856445465992759,0.048801774680618394,0.04559313843170137,0.04634849380747187,0.036140780630982076,0,0,0,0
2009-06-08,0.0227592227745405,0.043559879884000376,0.038185470956742795,0.03843084338546194,0.048801774680618394,0.045448565188006745,0.0462027425078773,0.0343611854843305,0,0,0,0
2009-06-09,0.0127454276296997,0.043559879884000376,0.03817844221105101,0.038424500506574304,0.048801774680618394,0.045461838296336,0.0462181236981571,0.03524607536429473,0,0,0,0
2009-06-10,-0.0165957778969419,0.043559879884000376,0.03805813232544673,0.03830413098118986,0.048801774680618394,0.045339763056141895,0.04609586514898326,0.03419639194051133,0,0,0,0
2009-06-11,0.0360179088958609,0.043559879884000376,0.03815130080226246,0.03839761656250312,0.048801774680618394,0.045442317916989425,0.04619939466301952,0.03420819370483241,0,0,0,0
2009-06-12,-0.0200140112309444,0.043559879884000376,0.03818179624639549,0.038429608354395524,0.048801774680618394,0.04551710568375921,0.04627878160806144,0.03862243596463957,0,0,0,0
2009-06-15,-0.0283233831053893,0.043559879884000376,0.038309277329981246,0.03855756073575368,0.048801774680618394,0.04565853731651553,0.04642166182284756,0.038751296031149074,0,0,0,0
2009-06-16,-0.02882123310176,0.043559879884000376,0.03852464157827032,0.03877384397950766,0.048801774680618394,0.04590110409401504,0.04666705322714116,0.04075784286493605,0,0,0,0
2009-06-17,-1.3535115443476893e-05,0.043559879884000376,0.038799505879283706,0.03904977226669605,0.048801774680618394,0.04620746269082258,0.046976682094557465,0.04268238728060811,0,0,0,0
2009-06-18,0.0111840411745084,0.043559879884000376,0.03861876389025507,0.038868422686875626,0.048801774680618394,0.04600873584017857,0.046776087751313276,0.04038416207449952,0,0,0,0
2009-06-19,0.0162985947736461,0.043559879884000376,0.03859810108628577,0.03884793137512922,0.048801774680618394,0.04599314925516871,0.04676102826523508,0.03882299012587187,0,0,0,0
2009-06-22,-0.0527543545200545,0.043559879884000376,0.03850317511041556,0.038753148352604315,0.048801774680618394,0.045902454739300116,0.04667077313113156,0.03791005830456215,1,1,1,1
2009-06-23,-0.020746144148522,0.044834814602805924,0.039180613832936535,0.03943396403738684,0.05009946156943767,0.04667985251284035,0.047458550344452434,0.04882610095729321,0,0,0,0
2009-06-24,0.0229233613454131,0.044834814602805924,0.039364292171108047,0.03961799907300215,0.05009946156943767,0.04687408919760301,0.047653883375383926,0.047889718972156055,0,0,0,0
2009-06-25,0.0272107222925477,0.044834814602805924,0.03938568677448602,0.039640086920538734,0.05009946156943767,0.0469160040268091,0.04769792896159598,0.047221484333416275,0,0,0,0
2009-06-26,-0.0115260265792155,0.044834814602805924,0.0394378935214142,0.03969292761964606,0.05009946156943767,0.04698697593997572,0.04777084939178992,0.04756617487782699,0,0,0,0
2009-06-29,0.0218611053487474,0.044834814602805924,0.03952480106431074,0.039779946414944076,0.05009946156943767,0.047077176585848556,0.047861391983326354,0.04555515210626401,0,0,0,0
2009-06-30,-0.036182325977656,0.044834814602805924,0.03947271347148441,0.03972835798932955,0.05009946156943767,0.047039864485588695,0.04782561412467602,0.04488630434412079,0,0,0,0
2009-07-01,0.0007195471453235,0.044834814602805924,0.039820446069686086,0.040077642545173944,0.05009946156943767,0.047433535474916126,0.048224055214954265,0.048194868839909095,0,0,0,0
2009-07-02,-0.0104752908847082,0.044834814602805924,0.03967523801994481,0.03993199810508289,0.05009946156943767,0.047275410145721,0.048064588595272156,0.045349862327206614,0,0,0,0
2009-07-06,0.0243397672034375,0.044834814602805924,0.03975081487497523,0.040007679291388924,0.05009946156943767,0.047354075236418394,0.048143574358843165,0.043471651812163024,0,0,0,0
2009-07-07,-0.017083353833431,0.044834814602805924,0.03978924794872963,0.040046818978265966,0.05009946156943767,0.047413424261168416,0.048205095231480886,0.043592897239528125,0,0,0,0
2009-07-08,-0.0017864945732931,0.044834814602805924,0.03993097317047879,0.04018870803317919,0.05009946156943767,0.04755999899154024,0.04835217351988174,0.042784646523222315,0,0,0,0
2009-07-09,0.0011799305377889,0.044834814602805924,0.03987323286994031,0.04013082893261374,0.05009946156943767,0.04749815017041336,0.04828989808263956,0.04051754826357172,0,0,0,0
2009-07-10,-0.0106864585862991,0.044834814602805924,0.03988199286970215,0.04013927344090242,0.05009946156943767,0.04749757153212748,0.04828834974896082,0.03856345507041068,0,0,0,0
2009-07-13,-0.0024387895675581,0.044834814602805924,0.03994906082782957,0.040206473344497104,0.05009946156943767,0.04756854511391082,0.04835972887866731,0.037250758484775645,0,0,0,0
2009-07-14,-0.0064458036738274,0.044834814602805924,0.03989504913560203,0.040151256189955326,0.05009946156943767,0.047478851391610684,0.04826633004433767,0.035912946502941516,0,0,0,0
2009-07-15,0.0252504731616325,0.044834814602805924,0.039875578472101866,0.040131732569801064,0.05009946156943767,0.04745781319596797,0.048245129080988464,0.03436818148989007,0,0,0,0
2009-07-16,0.0104534482719758,0.044834814602805924,0.03988912054407419,0.04014542536065686,0.05009946156943767,0.04747581659009775,0.048263595725061136,0.03646138638114473,0,0,0,0
2009-07-17,-0.0047012241528885,0.044834814602805924,0.03984568155823254,0.04010211137841983,0.05009946156943767,0.04743607774678811,0.04822424109314804,0.03519926162351008,0,0,0,0
2009-07-20,-0.0127146824389828,0.044834814602805924,0.0398863419982019,0.040142668445395845,0.05009946156943767,0.0474736783165201,0.04826152393538521,0.03387694591630067,0,0,0,0
2009-07-21,-0.0141811656653114,0.044834814602805924,0.03991771410777553,0.04017414277453174,0.05009946156943767,0.04750807615444029,0.048296235955611506,0.033360244252515346,0,0,0,0
2009-07-22,0.0034739660861389,0.044834814602805924,0.040024311934559444,0.04028069352679276,0.05009946156943767,0.047613280561851684,0.04840129567464983,0.033391136934868414,0,0,0,0
2009-07-23,0.02909810670129,0.044834814602805924,0.04002796216341912,0.04028432059671232,0.05009946156943767,0.04761624527944466,0.04840418921086564,0.03203941205883113,0,0,0,0
2009-07-24,0.0447498659242041,0.044834814602805924,0.040099614096010615,0.04035704248302086,0.05009946156943767,0.04771956814878583,0.04851080069266799,0.035520959787070094,0,0,0,0
2009-07-27,-0.0020466652814574,0.044834814602805924,0.04033618940673324,0.040596015053061485,0.05009946156943767,0.048027103022546036,0.04882570378875423,0.04327338037978883,0,0,0,0
2009-07-28,-0.0088077438626097,0.044834814602805924,0.04034465737739391,0.04060397071358253,0.05009946156943767,0.0480204064662095,0.0488174325946719,0.041250148656406284,0,0,0,0
2009-07-29,-0.007567292055665,0.044834814602805924,0.0404071243765427,0.04066648448854922,0.05009946156943767,0.04808425804297694,0.04888142794171192,0.03972146279454157,0,0,0,0
2009-07-30,-0.000829155990725,0.044834814602805924,0.04040794813863453,0.04066731040376399,0.05009946156943767,0.04808514553812563,0.048882322054704816,0.038138472642041975,0,0,0,0
2009-07-31,0.0171381993178462,0.044834814602805924,0.04028952998458081,0.040548545568285244,0.05009946156943767,0.04795646551450722,0.04875257647017824,0.03637503794029799,0,0,0,0
2009-08-03,0.0278763052415353,0.044834814602805924,0.04022911823929308,0.04048842773318474,0.05009946156943767,0.04790475359501714,0.04870176791378583,0.036017394286367604,0,0,0,0
2009-08-04,-0.0083143574770717,0.044834814602805924,0.04026130807518393,0.04052161584052457,0.05009946156943767,0.04796649255197302,0.0487665751604017,0.03796334733351438,0,0,0,0
2009-08-05,0.0024198194124574,0.044834814602805924,0.0399605395264922,0.04021954245776663,0.05009946156943767,0.047627100540863346,0.048423172607993385,0.03623804425585916,0,0,0,0
2009-08-06,0.017075331856922,0.044834814602805924,0.03995834764385141,0.0402173545806744,0.05009946156943767,0.04762502722360842,0.0484211116022027,0.034615725077366336,0,0,0,0
2009-08-07,-0.0130724019740589,0.044834814602805924,0.03993512241637152,0.04019449517677301,0.05009946156943767,0.04761263047892296,0.04840983925379686,0.03437345187066087,0,0,0,0
2009-08-10,0.0086131504819396,0.044834814602805924,0.039988943777953624,0.04024764225543162,0.05009946156943767,0.04764649287267245,0.04844162916984082,0.0343824484274138,0,0,0,0
2009-08-11,-0.0033247731080139,0.044834814602805924,0.03998855333028771,0.04024726454774661,0.05009946156943767,0.04764647953209335,0.04844165498689937,0.033359244636568745,0,0,0,0
2009-08-12,0.0086085239069623,0.044834814602805924,0.039987211743125035,0.040245920894971164,0.05009946156943767,0.04764507680220045,0.04844024590813382,0.03207374918253111,0,0,0,0
2009-08-13,0.0105696923292686,0.044834814602805924,0.03992543899941402,0.040184173992019526,0.05009946156943767,0.04758406895237485,0.04837931748253183,0.03101504076299514,0,0,0,0
2009-08-14,-0.001464953172559,0.044834814602805924,0.03982423102540405,0.040082912694277696,0.05009946156943767,0.047481282580615534,0.0482763672148149,0.030101060150055235,0,0,0,0
2009-08-17,-0.0190830870652556,0.044834814602805924,0.039822712702529524,0.04008139309515522,0.05009946156943767,0.04747972648043558,0.04827480719195599,0.02903301258187927,0,0,0,0
2009-08-18,0.0295059121438224,0.044834814602805924,0.03998846978277883,0.04024747862036615,0.05009946156943767,0.04765520562570493,0.0484512958464933,0.031225310662135235,0,0,0,0
2009-08-19,0.0113554163016548,0.044834814602805924,0.04002813451588697,0.04028824341532913,0.05009946156943767,0.0477274325050719,0.04852690387877013,0.03483396366893052,0,0,0,0
2009-08-20,0.0123032472532991,0.044834814602805924,0.04002621057735116,0.040286248462124336,0.05009946156943767,0.047723406511976464,0.04852265961480782,0.03408258854091939,0,0,0,0
2009-08-21,0.0139250646483375,0.044834814602805924,0.04002688916098025,0.040287005791158174,0.05009946156943767,0.04772641598216008,0.04852591111706738,0.033528195274018686,0,0,0,0
2009-08-24,0.0024513191307772,0.044834814602805924,0.040021552225968385,0.0402818951970847,0.05009946156943767,0.047727778803809996,0.04852796962080018,0.03320836938189741,0,0,0,0
2009-08-25,0.0023486538120761,0.044834814602805924,0.040022786623188686,0.04028312675079796,0.05009946156943767,0.04772892903240678,0.04852911110958651,0.03204150431543825,0,0,0,0
2009-08-26,0.0020206705174091,0.044834814602805924,0.040020903613953315,0.040280803108009015,0.05009946156943767,0.04771400314366887,0.04851283088843967,0.031024509394364803,0,0,0,0
2009-08-27,0.0026210241451012,0.044834814602805924,0.04003109507873405,0.04029074940353192,0.05009946156943767,0.0477169375281349,0.04851501172005237,0.030072472939591983,0,0,0,0
2009-08-28,0.0049646033046436,0.044834814602805924,0.04003953572830707,0.040298954852402084,0.05009946156943767,0.04771841616947816,0.04851576744791821,0.02916364722269047,0,0,0,0
2009-08-31,0.0088502320249173,0.044834814602805924,0.04000161550676618,0.04026104151060217,0.05009946156943767,0.047680699590242126,0.04847807201427148,0.028201816275706983,0,0,0,0
2009-09-01,-0.0110695361076665,0.044834814602805924,0.039982475605874264,0.04024200364918667,0.05009946156943767,0.047664580087103864,0.04846226613992699,0.02759822563940181,0,0,0,0
2009-09-03,-0.0030350180586614,0.044834814602805924,0.04006522083384872,0.04032461108541618,0.05009946156943767,0.04774324663992711,0.04854050917569314,0.027952155290796105,0,0,0,0
2009-09-04,-0.0049872378551504,0.044834814602805924,0.040098078167792345,0.04035730625003692,0.05009946156943767,0.04777130371542416,0.04856806780714766,0.027034298450321088,0,0,0,0
2009-09-08,0.0124192757579519,0.044834814602805924,0.04014149780792973,0.04040060250761481,0.05009946156943767,0.04781107119643032,0.04860745605920572,0.02624027919391312,0,0,0,0
2009-09-09,0.0029988294312891,0.044834814602805924,0.04014235182476989,0.040401492787254675,0.05009946156943767,0.04781299860253725,0.0486094949227459,0.02620075094730443,0,0,0,0
2009-09-10,0.0027773150968682,0.044834814602805924,0.040149149228759416,0.040408248393834306,0.05009946156943767,0.0478185587912115,0.04861492664279494,0.024897928443835992,0,0,0,0
2009-09-11,0.0120027334352231,0.044834814602805924,0.04011643088142705,0.04037551647397522,0.05009946156943767,0.04778543869319752,0.04858176482822839,0.023458030144015804,0,0,0,0
2009-09-14,0.0109453347754406,0.044834814602805924,0.03997387702640586,0.04023279357548071,0.05009946156943767,0.0476378811029061,0.048433687665488195,0.02325609473002923,0,0,0,0
2009-09-15,-0.0038798915235401,0.044834814602805924,0.039973775075112565,0.040232742256055935,0.05009946156943767,0.0476392778694358,0.04843524005425753,0.022817735900299136,0,0,0,0
2009-09-16,0.0162248680769583,0.044834814602805924,0.039985693694980826,0.04024467583860588,0.05009946156943767,0.04765163938897128,0.04844764756312942,0.021738628455442232,0,0,0,0
2009-09-17,-0.0050478340277706,0.044834814602805924,0.03983157792733894,0.040090465441486985,0.05009946156943767,0.047494722561682357,0.048290439882439716,0.022843346217621838,0,0,0,0
2009-09-18,0.0104002027893906,0.044834814602805924,0.03986838392062377,0.040127284699552616,0.05009946156943767,0.047531921196281385,0.04832767928770268,0.0220770450800187,0,0,0,0
2009-09-21,0.0037018557354276,0.044834814602805924,0.03960488177074204,0.039863029627587955,0.05009946156943767,0.04724613233690402,0.048039576245099684,0.02146806471802338,0,0,0,0
2009-09-22,0.0130556959435585,0.044834814602805924,0.039560375387124196,0.03981849086429814,0.05009946156943767,0.04720066750571349,0.04799401189166717,0.020045855773965754,0,0,0,0
2009-09-23,-0.0065932148666352,0.044834814602805924,0.03948657057210127,0.03974478675956295,0.05009946156943767,0.04712984374407847,0.047923497673428246,0.020234526304990737,0,0,0,0
2009-09-24,-0.0110600763426791,0.044834814602805924,0.03926142666198181,0.03951872283672351,0.05009946156943767,0.0468774671937064,0.04766829336962426,0.019919025898008307,0,0,0,0
2009-09-25,0.0003697721358978,0.044834814602805924,0.039164719921556214,0.03942163167159654,0.05009946156943767,0.0467693813719168,0.047559025979096545,0.020980521259244503,0,0,0,0
2009-09-28,0.0081396134799775,0.044834814602805924,0.03909488988698288,0.039351641033271156,0.05009946156943767,0.04669479742024258,0.0474839483953223,0.019795328219981555,0,0,0,0
2009-09-29,-0.0018539679125297,0.043559879884000376,0.038403995536992815,0.03865772767526891,0.04938166730943993,0.04591453956762969,0.046694411312018416,0.018629243982854274,0,0,0,0
2009-09-30,0.0021480101742405,0.043559879884000376,0.03843465832932954,0.03868829171205082,0.04938166730943993,0.045942279167233396,0.04672184737629811,0.017550275900135883,0,0,0,0
2009-10-01,-0.0274775062300313,0.043559879884000376,0.03820394745291989,0.03845494865862441,0.04938166730943993,0.04563365509655837,0.04640513303966168,0.01589422513909018,0,0,0,1
2009-10-02,-0.0216784593609601,0.043559879884000376,0.03839513668546368,0.03864696413769321,0.04938166730943993,0.04584930146310358,0.046623318959623884,0.02587697990947712,0,0,0,0
2009-10-05,0.0100205757334865,0.043559879884000376,0.0385979246785831,0.038850210944937257,0.04938166730943993,0.04606567048584062,0.04684109819461923,0.0284240368904226,0,0,0,0
2009-10-06,0.009531010168309,0.043559879884000376,0.03841430725534497,0.03866618283929197,0.04938166730943993,0.04586989674562004,0.04664406217990937,0.027640314873821684,0,0,0,0
2009-10-07,0.0132357565633856,0.043559879884000376,0.03836137909895464,0.03861246712744762,0.04938166730943993,0.045793656722021354,0.04656540152386773,0.026933673954330814,0,0,0,0
2009-10-08,0.0146837242132017,0.043559879884000376,0.038360933853847166,0.03861200998453143,0.04938166730943993,0.04579285929836509,0.04656456753107639,0.026739449438618487,0,0,0,0
2009-10-09,0.0064291664409803,0.042813380301226715,0.03761666830423633,0.03786460066254034,0.048306546736658885,0.044955537185070345,0.0457175827110122,0.02671755617197893,0,0,0,0
2009-10-12,0.0116792669385975,0.042813380301226715,0.037619700951928514,0.0378675430456608,0.048306546736658885,0.04495589797556304,0.045717666064088065,0.02575245597264432,0,0,0,0
2009-10-13,-0.0061077428744296,0.042813380301226715,0.03754237303352625,0.037790256302665054,0.048306546736658885,0.04487978886099745,0.04564168350635649,0.025336667015819433,0,0,0,0
2009-10-14,0.0295201606938688,0.042813380301226715,0.0375021585245166,0.03774991517497759,0.048306546736658885,0.044835826402826684,0.045597331872696115,0.024810802520566937,0,0,0,0
2009-10-15,0.0112194033188953,0.042813380301226715,0.037394928401973546,0.03764325935826021,0.048306546736658885,0.04474559589736047,0.04550886655507377,0.02851140251385435,0,0,0,0
2009-10-16,-0.0105045933075306,0.042813380301226715,0.036849775051822346,0.037095918981790106,0.048306546736658885,0.04413570594121251,0.044892254549279545,0.02768726296870761,0,0,0,0
2009-10-19,0.0028483996931388,0.04153009292724516,0.036091647825118756,0.03633397619161269,0.046590038392886717,0.04326463694187182,0.04400945802435861,0.02746757208665647,0,0,0,0
2009-10-20,0.0046341720643186,0.04153009292724516,0.03592310894294433,0.036164903307576525,0.046590038392886717,0.043080291451507116,0.04382347122451592,0.02633122672599933,0,0,0,0
2009-10-21,-0.0029082787683446,0.041008409816150865,0.03530963789516139,0.035548695274126955,0.04627196797134009,0.04238580484337748,0.04312057221029259,0.0252554682909434,0,0,0,0
2009-10-22,0.0098003972329814,0.041008409816150865,0.03499879027287342,0.0352365259914321,0.04627196797134009,0.04203583569416391,0.04276654080229696,0.024420153476496252,0,0,0,0
2009-10-23,-0.0130275133867022,0.041008409816150865,0.03481162968771852,0.03504734455557759,0.04627196797134009,0.041788857348980954,0.042513351165273064,0.023927429935150183,0,0,0,0
2009-10-26,-0.0104310040704319,0.041008409816150865,0.03489887827141291,0.03513422109512107,0.04627196797134009,0.04186509331915427,0.042588443619599604,0.024689040163339632,0,0,0,0
2009-10-27,-0.0117455814855389,0.041008409816150865,0.034609455889522425,0.034843469110255015,0.04627196797134009,0.04153631430802798,0.04225557793739193,0.024786373218649748,0,0,0,0
2009-10-28,-0.0124619200942288,0.041008409816150865,0.03467216855293717,0.03490638333986297,0.04627196797134009,0.04160499338854489,0.04232487655227204,0.025078365258075722,0,0,0,0
2009-10-29,0.0008844048936805,0.041008409816150865,0.034722934795127516,0.03495732698514253,0.04627196797134009,0.041661010813032445,0.04238143924334501,0.02546500578197923,0,0,0,0
2009-10-30,-0.0140585883935996,0.041008409816150865,0.03473839413621505,0.034972513732590645,0.04627196797134009,0.041668401304248266,0.04238799189005863,0.02455688960709353,0,0,0,0
2009-11-02,-0.0142781352286812,0.041008409816150865,0.03485322273752328,0.03508766483958185,0.04627196797134009,0.0417927761662258,0.04251335800632215,0.0253408244582873,0,0,0,0
2009-11-03,-0.0187376766798904,0.03922409087601919,0.034364972718005704,0.03459698786860556,0.04574756287231847,0.04123268768779349,0.04194581004372472,0.025941635722506476,0,0,0,0
2009-11-04,-0.0016894764814927,0.03922409087601919,0.034420558743206806,0.03465281124743714,0.04574756287231847,0.04129529944849895,0.042009151335151394,0.027456027067234594,0,0,0,0
2009-11-05,0.0257159418939928,0.03778218819642366,0.03386572453795199,0.03409539920319648,0.04529079301188417,0.04066416047027158,0.04137008910447247,0.026410243105424898,0,0,0,0
2009-11-06,0.0005694441570255,0.035130778564952087,0.03339113230627322,0.03361938236689581,0.04499588753377031,0.04014739953339169,0.04084894949920988,0.028607991307102263,0,0,0,0
2009-11-09,-0.0079646004065801,0.035130778564952087,0.03315580131565295,0.03338136878775067,0.04499588753377031,0.039832663153414716,0.04052596790833222,0.027568832118035336,0,0,0,0
2009-11-10,-0.0091961637987823,0.035130778564952087,0.03320557432030705,0.03343126620143789,0.04499588753377031,0.03988611870111326,0.040579805839950765,0.027003686154225146,0,0,0,0
2009-11-11,0.014939697557543,0.035130778564952087,0.03315030046402245,0.03337447120693259,0.04499588753377031,0.039785818717429804,0.04047483048197027,0.026745875498290158,0,0,0,0
2009-11-12,0.0024556416095954,0.035130778564952087,0.033148702342525434,0.03337284445431134,0.04499588753377031,0.03978337310644771,0.04047229687029204,0.026736031069050727,0,0,0,0
2009-11-13,-0.0020499444828633,0.035130778564952087,0.03315817584628803,0.03338228716506556,0.04499588753377031,0.03979193512833487,0.04048076424671048,0.025733716869498276,0,0,0,0
2009-11-16,0.0113975229625058,0.035130778564952087,0.03309627452042061,0.03331913102307585,0.04499588753377031,0.039692890885528284,0.04037786319788467,0.0249575295899091,0,0,0,0
2009-11-17,0.0016001756787581,0.035130778564952087,0.03305222900807389,0.033275200276728076,0.04499588753377031,0.03965224247965052,0.04033756753707263,0.02461776233654538,0,0,0,0
2009-11-18,0.0065535839425667,0.035130778564952087,0.03279531580370667,0.033017298742134576,0.04499588753377031,0.03936607441725977,0.0400483617403892,0.023710394235518063,0,0,0,0
2009-11-19,-0.0018042931175306,0.035130778564952087,0.032784480171078156,0.03300650221027957,0.04499588753377031,0.03935639617873607,0.04003880368210221,0.022967156953532655,0,0,0,0
2009-11-20,-0.004722091213391,0.035130778564952087,0.03277890436294591,0.033000915877150705,0.04499588753377031,0.039350508827686696,0.04003288398139651,0.0222007857938395,0,0,0,0
2009-11-23,-0.0111846252760031,0.035130778564952087,0.03249996768823709,0.032720766963900354,0.04499588753377031,0.03903568954463487,0.03971433875888576,0.021743018667356787,0,0,0,0
2009-11-24,-0.0094302003684528,0.031194972104753367,0.03190229912156024,0.03212009137076889,0.04304388095372268,0.038349012132873776,0.039018418942979416,0.02225262901196655,0,0,0,0
2009-11-25,-0.0208960268557056,0.031194972104753367,0.03180561912677584,0.03202153772776251,0.04304388095372268,0.03819687161359821,0.03886051957377191,0.02242917109563834,0,0,0,0
2009-11-27,-0.0215698254223803,0.031194972104753367,0.03192258968496804,0.03213901781688841,0.04304388095372268,0.038328924433495545,0.03899413848924066,0.02512432421514775,0,0,0,0
2009-11-30,0.027318450819509,0.031194972104753367,0.0318306350747283,0.03204661428277674,0.04304388095372268,0.03822368154795321,0.03888751579014583,0.027218226476503838,0,0,0,0
2009-12-01,0.0130768127179255,0.031194972104753367,0.031865423067423654,0.03208239850306148,0.04304388095372268,0.038287958162884037,0.03895485441272465,0.030161662402403092,0,0,0,0
2009-12-02,-0.0107920627049401,0.03006251897021775,0.0314642766594486,0.03167980103433712,0.04284463662582367,0.037843859940752345,0.03850629620658988,0.029078475814848515,0,0,0,0
2009-12-03,-0.0042390743342056,0.02964561269950395,0.030599394615893023,0.030810409867306737,0.03941055383455853,0.036845506549707537,0.03749408356218504,0.027943263802121372,0,0,0,0
2009-12-04,0.0028135135282051,0.02964561269950395,0.03062819961259328,0.03083878605216377,0.03941055383455853,0.036861618592920316,0.03750887760822779,0.027231771122195332,0,0,0,0
2009-12-07,-0.0032192682441929,0.02964561269950395,0.030604782748675768,0.03081470921120778,0.03941055383455853,0.036818666219467666,0.037463896727674126,0.026498688094931628,0,0,0,0
2009-12-08,-0.0053458574764194,0.02964561269950395,0.03064359897248181,0.030853523690440962,0.03941055383455853,0.036857430803416705,0.03750265594949956,0.025826421333924595,0,0,0,0
2009-12-09,-0.0272449038167174,0.02964561269950395,0.030697270924158897,0.030907072012004797,0.03941055383455853,0.03690744326830039,0.037552288424553285,0.025303549363164195,0,0,0,1
2009-12-10,-0.0098122710722135,0.02964561269950395,0.031025268763159856,0.031236234181019056,0.03941055383455853,0.037269905609474636,0.03791832945341243,0.028254828705348588,0,0,0,0
2009-12-11,-0.0089766312953025,0.02876454352371896,0.03037409249446387,0.03058175645467711,0.036974266567437346,0.03652100524802585,0.037159281723361186,0.028197649087844195,0,0,0,0
2009-12-14,0.0138454472762459,0.02876454352371896,0.030457171132887352,0.030664957972051207,0.036974266567437346,0.03660772113861349,0.03724637529500341,0.027816912913084496,0,0,0,0
2009-12-15,0.0043160763809314,0.02876454352371896,0.03045292076448293,0.03066093957348365,0.036974266567437346,0.036610337143879346,0.03724970428334879,0.027633521141378663,0,0,0,0
2009-12-16,-0.0278058803754959,0.02876454352371896,0.030361169059416528,0.030568974923630008,0.036974266567437346,0.03651228221206564,0.037150994843896404,0.026852414868417704,0,0,0,1
2009-12-17,-0.011310862103967,0.02876454352371896,0.03069498356042494,0.030904121047662117,0.036974266567437346,0.03688551313631312,0.037528318648050264,0.029597260303686528,0,0,0,0
2009-12-18,0.0126092214700992,0.02876454352371896,0.03077489897826428,0.030984281738982638,0.036974266567437346,0.03697268871950823,0.03761624810443985,0.029284657121679724,0,0,0,0
2009-12-21,0.0248001391829334,0.02876454352371896,0.03073744195983149,0.030946989381728573,0.036974266567437346,0.03694010571916928,0.03758417120711788,0.028874119553842063,0,0,0,0
2009-12-22,0.0126490622539946,0.02876454352371896,0.030729110085296402,0.030939411061545307,0.036974266567437346,0.03695407926947055,0.03760046088398808,0.030130704710368595,0,0,0,0
2009-12-23,0.006995284090105,0.02876454352371896,0.030620150943926103,0.030830372451261058,0.036974266567437346,0.0368427678254659,0.037488905184127744,0.02958018042694998,0,0,0,0
2009-12-24,0.0052415674276381,0.02876454352371896,0.030548167178794876,0.03075738430027337,0.036974266567437346,0.0367410539510549,0.03738410422679834,0.029049925613347887,0,0,0,0
2009-12-28,0.0207241027234223,0.02876454352371896,0.030548707591595434,0.030757921774591,0.036974266567437346,0.03674150738391839,0.03738454862793325,0.028209514219373906,0,0,0,0
2009-12-29,-0.0091267478462326,0.02876454352371896,0.030543541455134535,0.03075330777141761,0.036974266567437346,0.03675268455104859,0.03739742283333772,0.02877156030952982,0,0,0,0
2009-12-30,0.0108144161027486,0.02876454352371896,0.030603658506576533,0.03081359714983853,0.036974266567437346,0.036817902530467725,0.03746317047739676,0.028340061976907097,0,0,0,0
