date,vnindex_close,sp500_close_usd,usd_vnd,sp500_close_vnd,vnindex_return,sp500_vnd_return,portfolio_return
2007-01-04,789.0,1418.3399658203125,15419.0,21869383.9329834,0.040082935203502555,-0.0024623891518354857,0.018810273025833536
2007-01-05,819.0,1409.7099609375,15507.0,21860372.364257812,0.03731776300719528,-0.0004121481396738429,0.01845280743376072
2007-01-08,825.0,1412.8399658203125,15403.0,21761973.993530273,0.007299302481611535,-0.004511382162193955,0.00139396015970879
2007-01-09,845.0,1412.1099853515625,15448.0,21814275.053710938,0.0239532410224928,0.0024004399845280124,0.013176840503510406
2007-01-10,866.0,1414.8499755859375,15451.0,21860846.97277832,0.02454828120526139,0.002132652849404782,0.013340467027333085
2007-01-11,885.0,1423.8199462890625,15446.0,21992322.89038086,0.02170273644549433,0.005996205608014458,0.013849471026754394
2007-01-12,915.0,1430.72998046875,15468.0,22130531.337890625,0.03333642026759171,0.00626473069103676,0.019800575479314235
2007-01-16,984.0,1431.9000244140625,15469.0,22150061.477661133,0.07270183177673206,0.0008821083818029016,0.03679197007926748
2007-01-17,965.0,1430.6199951171875,15469.0,22130260.704467773,-0.019497795713267478,-0.0008943374184001605,-0.01019606656583382
2007-01-18,983.0,1426.3699951171875,15376.0,21931865.044921875,0.018481018808180604,-0.009005330402348976,0.004737844202915814
2007-01-19,1023.0,1430.5,15406.0,22038283.0,0.03988564580445996,0.004840473257082934,0.02236305953077145
2007-01-22,1028.0,1422.949951171875,15426.0,21950425.946777344,0.004875680063483931,-0.003994532785750054,0.0004405736388669386
2007-01-23,1041.0,1427.989990234375,15421.0,22021033.639404297,0.012566622599858423,0.0032115264754990548,0.00788907453767874
2007-01-24,1016.0,1440.1300048828125,15461.0,22265850.005493164,-0.024308440476541696,0.011056043673336229,-0.0066261984016027335
2007-01-25,989.0,1423.9000244140625,15472.0,22030581.177734375,-0.02693429651571504,-0.010622573140226051,-0.018778434827970546
2007-01-26,975.0,1422.1800537109375,15418.0,21927172.068115234,-0.014256860624864977,-0.004704940209297739,-0.009480900417081358
2007-01-29,996.0,1420.6199951171875,15412.0,21894595.364746094,0.021309786586751027,-0.0014867820847257185,0.009911502251012654
2007-01-30,1022.0,1428.8199462890625,15381.0,21976679.59387207,0.02576951317905161,0.0037420533134075906,0.0147557832462296
2007-01-31,1041.0,1438.239990234375,15386.0,22128760.489746094,0.01842029785131906,0.0068962694086669345,0.012658283629992996
2007-02-01,1049.0,1445.93994140625,15380.0,22238556.298828125,0.007655539781328278,0.004949410564586738,0.006302475172957508
2007-02-02,1075.0,1448.3900146484375,15468.0,22403696.74658203,0.024483332165465995,0.007398425919748477,0.015940879042607235
2007-02-05,1059.0,1446.989990234375,15360.0,22225766.25,-0.014995594960356759,-0.007973720828012645,-0.0114846578941847
2007-02-06,1091.0,1448.0,15356.0,22235488.0,0.029769640231664375,0.00043731335604131963,0.015103476793852847
2007-02-07,1096.0,1450.02001953125,15314.0,22205606.579101562,0.004572481674890049,-0.0013447655006951313,0.0016138580870974587
2007-02-08,1053.0,1448.31005859375,15301.0,22160592.20654297,-0.04002395537398531,-0.002029219957405535,-0.021026587665695422
2007-02-09,1031.0,1438.06005859375,15331.0,22046898.75830078,-0.021114028117015602,-0.0051436395247305075,-0.013128833820873055
2007-02-12,1054.0,1433.3699951171875,15331.0,21974995.3951416,0.022063245084347656,-0.0032667120978962082,0.009398266493225723
2007-02-13,1074.0,1444.260009765625,15313.0,22115953.529541016,0.01879754596750242,0.006393993237671044,0.012595769602586732
2007-02-14,1073.0,1455.300048828125,15297.0,22261724.846923828,-0.0009315324381114966,0.006569601971182714,0.0028190347665356086
2007-02-15,1083.0,1456.81005859375,15329.0,22331441.388183594,0.009276504370292182,0.003126783942295191,0.006201644156293686
2007-02-26,1129.0,1449.3699951171875,15305.0,22182607.775268555,0.041597317148671445,-0.006687064885162378,0.017455126131754532
2007-02-27,1167.0,1399.0400390625,15325.0,21440288.598632812,0.03310406813689396,-0.03403675141820151,-0.00046634164065377515
2007-02-28,1138.0,1406.8199462890625,15340.0,21580617.97607422,-0.02516401760027974,0.0065237990695689784,-0.00932010926535538
2007-03-01,1123.0,1403.1700439453125,15415.0,21629866.227416992,-0.01326865994783301,0.00227945942170298,-0.005494600263065015
2007-03-02,1148.0,1387.1700439453125,15424.0,21395710.7578125,0.022017622141068612,-0.01088458529967349,0.005566518420697561
2007-03-05,1159.0,1374.1199951171875,15360.0,21106483.125,0.009536266460239959,-0.013610219663505138,-0.0020369766016325895
2007-03-06,1133.0,1395.4100341796875,15347.0,21415357.794555664,-0.022688582311745437,0.014528068191318747,-0.004080257060213345
2007-03-07,1132.0,1391.969970703125,15351.0,21368131.020263672,-0.0008830022648780608,-0.002207711188692408,-0.0015453567267852343
2007-03-08,1142.0,1401.8900146484375,15377.0,21556862.755249023,0.008795131452827345,0.008793615773274404,0.008794373613050875
2007-03-09,1156.0,1402.8399658203125,15401.0,21605138.313598633,0.012184659016367219,0.0022369481156935727,0.007210803566030396
2007-03-12,1171.0,1406.5999755859375,15402.0,21664452.82397461,0.012892314365394595,0.0027416273632266427,0.007816970864310619
2007-03-13,1158.0,1377.949951171875,15360.0,21165311.25,-0.011163705464776803,-0.023309218904938256,-0.01723646218485753
2007-03-14,1114.0,1387.1700439453125,15361.0,21308319.045043945,-0.03873723764571121,0.006733982212441199,-0.016001627716635006
2007-03-15,1066.0,1392.280029296875,16016.0,22298756.94921875,-0.04404381576143944,0.04543337276536895,0.0006947785019647545
2007-03-16,1110.0,1386.949951171875,15387.0,21340998.89868164,0.04044668958059002,-0.04390088119883934,-0.0017270958091246576
2007-03-19,1133.0,1402.06005859375,15379.0,21562281.64111328,0.020508966721626505,0.01031551442527286,0.015412240573449682
2007-03-20,1117.0,1410.93994140625,15373.0,21690379.71923828,-0.014222461958805662,0.005923263384180252,-0.004149599287312705
2007-03-21,1112.0,1435.0400390625,15352.0,22030734.6796875,-0.004486324258672971,0.015569677977916642,0.005541676859621836
2007-03-22,1100.0,1434.5400390625,15365.0,22041707.700195312,-0.010850016024065818,0.0004979538297409771,-0.00517603109716242
2007-03-23,1091.0,1436.1099853515625,15402.0,22118965.994384766,-0.008215472953391091,0.0034989671373703837,-0.002358252908010354
2007-03-26,1072.0,1437.5,15371.0,22095812.5,-0.01756864420232357,-0.0010473193483977793,-0.009307981775360675
2007-03-27,1034.0,1428.6099853515625,15362.0,21946306.594970703,-0.03609128656237282,-0.006789250035063843,-0.021440268298718333
2007-03-28,1032.0,1417.22998046875,15414.0,21845182.918945312,-0.0019361090268664404,-0.004618425036182487,-0.003277267031524464
2007-03-29,1069.0,1422.530029296875,15408.0,21918342.69140625,0.03522496498353724,0.0033434162166578623,0.01928419060009755
2007-03-30,1071.0,1420.8599853515625,15419.0,21908240.114135742,0.0018691594227035718,-0.00046102510406847335,0.0007040671593175492
2007-04-02,1055.0,1424.550048828125,15386.0,21918127.05126953,-0.015052024537581844,0.0004511867143446223,-0.007300418911618611
2007-04-03,1028.0,1437.77001953125,15425.0,22177602.55126953,-0.025925599895056495,0.01176887182721897,-0.007078364033918762
2007-04-04,1051.0,1439.3699951171875,15418.0,22192206.584716797,0.02212692486184063,0.0006582869865355433,0.011392605924188086
2007-04-05,1049.0,1443.760009765625,15367.0,22186260.07006836,-0.0019047624806539474,-0.00026799099348267066,-0.001086376737068309
2007-04-09,1041.0,1444.6099853515625,16035.0,23164321.115112305,-0.0076555397813282385,0.043140030439022474,0.017742245328847116
2007-04-10,1040.0,1448.3900146484375,15381.0,22277686.815307617,-0.0009610764795505893,-0.03902762564847597,-0.01999435106401328
2007-04-11,1035.0,1438.8699951171875,15393.0,22148525.834838867,-0.004819286435948883,-0.0058146457542026875,-0.005316966095075785
2007-04-12,1028.0,1447.800048828125,15385.0,22274403.751220703,-0.006786259684359017,0.005667264832180549,-0.0005594974260892337
2007-04-13,1013.0,1452.8499755859375,15441.0,22433456.47302246,-0.014698941766426984,0.007115231730047916,-0.0037918550181895343
2007-04-16,983.0,1468.3299560546875,15426.0,22650457.90209961,-0.030062384101516803,0.00962663104623701,-0.010217876527639896
2007-04-17,966.0,1471.47998046875,15409.0,22674035.01904297,-0.01744528593464853,0.0010403698993820738,-0.008202458017633227
2007-04-18,1001.0,1472.5,15415.0,22698587.5,0.03559094510270253,0.0010822598294036733,0.018336602466053103
2007-04-19,998.0,1470.72998046875,15414.0,22669831.918945312,-0.00300150300375662,-0.0012676476400835385,-0.0021345753219200792
2007-04-20,969.0,1484.3499755859375,15424.0,22894614.0234375,-0.029488664420697717,0.009866637172685228,-0.009811013624006245
2007-04-23,931.0,1480.9300537109375,15411.0,22822613.057739258,-0.04000533461369913,-0.0031498421853197517,-0.02157758839950944
2007-04-24,906.0,1480.4100341796875,15394.0,22789432.06616211,-0.027219971234087748,-0.0014549225907385555,-0.014337446912413152
2007-04-25,924.0,1495.4200439453125,15435.0,23081808.3782959,0.019672765598704928,0.012747868544705162,0.016210317071705047
2007-05-02,935.0,1495.9200439453125,15418.0,23064095.237548828,0.011834457647002798,-0.0007677015825494906,0.005533378032226654
2007-05-03,937.0,1502.3900146484375,15495.0,23279533.27697754,0.002136752949735242,0.009297484822054261,0.005717118885894752
2007-05-04,947.0,1505.6199951171875,15494.0,23328076.204345703,0.0106158109476561,0.002083048045632546,0.006349429496644323
2007-05-07,984.0,1509.47998046875,15429.0,23289766.618652344,0.03832680386617528,-0.0016435592896299667,0.018341622288272654
2007-05-08,1015.0,1507.719970703125,15450.0,23294273.54736328,0.031017994423634274,0.0001934966872319343,0.015605745555433105
2007-05-09,1020.0,1512.5799560546875,15424.0,23330033.2421875,0.004914014802429163,0.0015339510353482963,0.0032239829188887292
2007-05-10,1020.0,1491.469970703125,15489.0,23101378.376220703,0.0,-0.009849225187224291,-0.004924612593612146
2007-05-11,1040.0,1505.8499755859375,15493.0,23330133.67175293,0.019418085857101516,0.009853529911020703,0.01463580788406111
2007-05-14,1066.0,1503.1500244140625,15430.0,23193604.876708984,0.024692612590371414,-0.005869226817537664,0.009411692886416875
2007-05-15,1055.0,1501.18994140625,15430.0,23163360.795898438,-0.010372558815622936,-0.001304834544834399,-0.005838696680228668
2007-05-16,1041.0,1514.1400146484375,15504.0,23475226.787109375,-0.013358977295198013,0.01337393157791413,7.477141358058596e-06
2007-05-17,1060.0,1512.75,16030.0,24249382.5,0.01808711849114397,0.03244546730136226,0.025266292896253116
2007-05-18,1067.0,1522.75,15433.0,23500600.75,0.0065820641956404816,-0.031365168488604045,-0.012391552146481782
2007-05-21,1085.0,1525.0999755859375,15414.0,23507891.02368164,0.01672901467280654,0.0003101683744793839,0.008519591523642962
2007-05-22,1108.0,1524.1199951171875,15418.0,23498882.084716797,0.020976601332669167,-0.00038330387216198417,0.010296648730253592
2007-05-23,1113.0,1522.280029296875,15439.0,23502481.372314453,0.0045024839683157755,0.0001531567316333178,0.0023278203499745467
2007-05-24,1085.0,1507.510009765625,15783.0,23793030.48413086,-0.0254790853009849,0.012286695104034049,-0.006596195098475425
2007-05-25,1090.0,1515.72998046875,15794.0,23939439.311523438,0.004597709248629549,0.006134578293140145,0.005366143770884848
2007-05-29,1094.0,1518.1099853515625,15818.0,24013463.748291016,0.00366300775873702,0.0030873832800033837,0.003375195519370202
2007-05-30,1078.0,1530.22998046875,15786.0,24156210.471679688,-0.014733231512984004,0.00592684686211569,-0.004403192325434157
2007-05-31,1081.0,1530.6199951171875,15782.0,24156244.762939453,0.002779066170265807,1.4195618747759066e-06,0.0013902428660702913
2007-06-01,1077.0,1536.3399658203125,15785.0,24251126.360473633,-0.0037071404828196847,0.003920135171136496,0.00010649734415840587
2007-06-04,1062.0,1539.1800537109375,15769.0,24271330.266967773,-0.014025475354504434,0.0008327652417469653,-0.006596355056378734
2007-06-05,1040.0,1530.949951171875,15794.0,24179823.528808594,-0.02093320966646579,-0.003777282470726033,-0.012355246068595912
2007-06-06,1045.0,1517.3800048828125,15824.0,24011021.197265625,0.0047961722634930135,-0.007005605437400195,-0.0011047165869535907
2007-06-07,1060.0,1490.719970703125,15858.0,23639837.295410156,0.014252022707201413,-0.015579631575678403,-0.0006638044342384946
2007-06-08,1057.0,1507.6700439453125,15959.0,24060906.231323242,-0.0028342012358752488,0.017655065394638916,0.007410432079381834
2007-06-11,1041.0,1509.1199951171875,15787.0,23824477.36291504,-0.015252917255268764,-0.009874862511174908,-0.012563889883221836
2007-06-12,1037.0,1493.0,15855.0,23671515.0,-0.003849860385441548,-0.006441086253449247,-0.0051454733194453975
2007-06-13,1039.0,1515.6700439453125,15871.0,24055199.267456055,0.001926782869700144,0.016078732396641357,0.00900275763317075
2007-06-14,1043.0,1522.969970703125,15816.0,24087293.056640625,0.003842463901545039,0.0013332834421116175,0.0025878736718283283
2007-06-15,1048.0,1532.9100341796875,15812.0,24238373.46044922,0.004782409880215098,0.0062526150969764134,0.005517512488595756
2007-06-18,1044.0,1531.050048828125,15836.0,24245708.573242188,-0.0038240964384033942,0.0003025781881911148,-0.0017607591251061396
2007-06-19,1050.0,1533.699951171875,15807.0,24243195.128173828,0.0057306747089850745,-0.0001036709382455286,0.002813501885369773
2007-06-20,1045.0,1512.8399658203125,15859.0,23992129.017944336,-0.00477327875265766,-0.01041014576059569,-0.007591712256626675
2007-06-21,1034.0,1522.18994140625,15873.0,24161720.939941406,-0.010582109330536972,0.0070437825152064705,-0.0017691634076652508
2007-06-22,1034.0,1502.56005859375,15816.0,23764489.88671875,0.0,-0.016577156549221334,-0.008288578274610667
2007-06-25,1044.0,1497.739990234375,15838.0,23721205.96533203,0.009624713374209693,-0.0018230303925292528,0.00390084149084022
2007-06-26,1056.0,1492.8900146484375,15832.0,23635434.711914062,0.01142869582362285,-0.003622357750822361,0.0039031690364002445
2007-06-27,1033.0,1506.3399658203125,15848.0,23872475.778320312,-0.022020995146568186,0.009979097419770147,-0.00602094886339902
2007-06-28,1024.0,1505.7099609375,15835.0,23842917.231445312,-0.00875066352018542,-0.001238952413112828,-0.004994807966649124
2007-06-29,1025.0,1503.3499755859375,15865.0,23850647.3626709,0.0009760859730554589,0.00032415825317557594,0.0006501221131155174
2007-07-02,994.0,1519.4300537109375,15840.0,24067772.05078125,-0.030710684915934545,0.009062326208870385,-0.01082417935353208
2007-07-03,977.0,1524.8699951171875,15838.0,24150890.982666016,-0.01725055461379124,0.0034475868464205147,-0.0069014838836853635
2007-07-05,1013.0,1525.4000244140625,15900.0,24253860.388183594,0.03618485220590074,0.00425452286900936,0.02021968753745505
2007-07-06,1011.0,1530.43994140625,15898.0,24330934.188476562,-0.0019762852282119926,0.0031727566461514415,0.0005982357089697244
2007-07-09,1010.0,1531.8499755859375,15850.0,24279822.11303711,-0.0009896091851662782,-0.0021029129420763863,-0.0015462610636213323
2007-07-10,1023.0,1510.1199951171875,16130.0,24358235.521240234,0.012789156116321358,0.003224367088357964,0.008006761602339662
2007-07-11,1030.0,1518.760009765625,15846.0,24066271.114746094,0.006819315272054967,-0.012058685351409726,-0.002619685039677379
2007-07-12,1018.0,1547.699951171875,15864.0,24552712.025390625,-0.011718884113213375,0.020010996185007065,0.004146056035896845
2007-07-13,1016.0,1552.5,15855.0,24614887.5,-0.001966568972040827,0.002529125210566678,0.00028127811926292553
2007-07-16,996.0,1549.52001953125,15869.0,24589333.189941406,-0.019881370553828933,-0.001038704078545723,-0.010460037316187328
2007-07-17,1000.0,1549.3699951171875,15864.0,24579205.602539062,0.004008021397538868,-0.0004119539768434151,0.0017980337103477263
2007-07-18,995.0,1546.1700439453125,15820.0,24460410.095214844,-0.005012541823544286,-0.004844888688756583,-0.004928715256150434
2007-07-19,984.0,1553.0799560546875,15870.0,24647378.90258789,-0.011116840106339305,0.007614666211115261,-0.001751086947612022
2007-07-20,981.0,1534.0999755859375,15870.0,24346166.612548828,-0.003053437486890343,-0.012296153790126368,-0.0076747956385083554
2007-07-24,982.0,1511.0400390625,15840.0,23934874.21875,0.001018848789102848,-0.017037840780014555,-0.008009495995455853
2007-07-25,973.0,1518.0899658203125,15859.0,24075388.767944336,-0.009207226168460805,0.005853538042390872,-0.0016768440630349664
2007-07-26,956.0,1482.6600341796875,15866.0,23523884.102294922,-0.017626169134603745,-0.023173855955080546,-0.020400012544842146
2007-07-27,940.0,1458.949951171875,15853.0,23128733.575927734,-0.01687803778735175,-0.016940527501407836,-0.01690928264437979
2007-07-30,925.0,1473.9100341796875,15855.0,23368843.591918945,-0.01608613775162438,0.010327942439946057,-0.0028790976558391622
2007-07-31,908.0,1455.27001953125,15873.0,23099501.02001953,-0.018549358911131936,-0.011592648308994126,-0.01507100361006303
2007-08-01,923.0,1465.81005859375,15893.0,23296119.26123047,0.016384855901558824,0.008475774958291063,0.012430315429924944
2007-08-02,911.0,1472.199951171875,15853.0,23338785.825927734,-0.013086337242893811,0.0018298129490029325,-0.0056282621469454395
2007-08-03,893.0,1433.06005859375,15821.0,22672443.18701172,-0.019956316383459287,-0.028966373810825865,-0.024461345097142574
2007-08-06,884.0,1467.6700439453125,15870.0,23291923.59741211,-0.010129518238855603,0.026956443236258256,0.008413462498701327
2007-08-07,897.0,1476.7099609375,15936.0,23532849.9375,0.014598799421152631,0.01029064095846936,0.012444720189810996
2007-08-08,910.0,1497.489990234375,15924.0,23846030.604492188,0.01438873745209967,0.013220457084899273,0.013804597268499471
2007-08-09,938.0,1453.0899658203125,15955.0,23184050.404663086,0.030305349495328843,-0.02815321211544481,0.0010760686899420162
2007-08-10,936.0,1453.6400146484375,15976.0,23223352.874023438,-0.002134472528632681,0.0016938021082878432,-0.00022033521017241896
2007-08-13,909.0,1452.9200439453125,15963.0,23192962.661499023,-0.029270382300113224,-0.0013094626971692658,-0.015289922498641244
2007-08-14,923.0,1426.5400390625,15968.0,22778991.34375,0.015284140325373216,-0.018010220212221928,-0.001363039943424356
2007-08-15,915.0,1406.699951171875,15997.0,22502979.118896484,-0.008705169227330788,-0.012190973159180555,-0.010448071193255672
2007-08-16,900.0,1411.27001953125,16013.0,22598666.822753906,-0.016529301951210582,0.004243208664764105,-0.006143046643223239
2007-08-17,888.0,1445.93994140625,15905.0,22997674.768066406,-0.013423020332140661,0.01750219938328764,0.0020395895255734897
2007-08-20,890.0,1445.550048828125,15966.0,23079652.079589844,0.002249719734015546,0.003558253207200529,0.0029039864706080377
2007-08-21,896.0,1447.1199951171875,16001.0,23155367.041870117,0.006718950248745009,0.0032752243387125786,0.004997087293728794
2007-08-22,892.0,1464.0699462890625,16002.0,23428047.280517578,-0.004474280394921077,0.011707315021772734,0.0036165173134258283
2007-08-23,888.0,1462.5,15973.0,23360512.5,-0.004494389587839326,-0.002886809413900099,-0.0036905995008697126
2007-08-24,905.0,1479.3699951171875,15973.0,23629976.932006836,0.018963200707756138,0.011469018050261516,0.015216109379008826
2007-08-27,909.0,1466.7900390625,15969.0,23423170.133789062,0.00441015047755279,-0.008790405862188155,-0.002190127692317683
2007-08-28,903.0,1432.3599853515625,16035.0,22967892.365112305,-0.006622540760493382,-0.019628452609777577,-0.01312549668513548
2007-08-29,901.0,1463.760009765625,16059.0,23506521.996826172,-0.002217295808647557,0.023180657915140263,0.010481681053246353
2007-08-30,904.0,1457.6400146484375,15922.0,23208544.313232422,0.003324102783838621,-0.012757414191280299,-0.004716655703720839
2007-08-31,908.0,1473.989990234375,15979.0,23552886.053955078,0.004415018209116693,0.014727862781718346,0.00957144049541752
2007-09-04,930.0,1489.4200439453125,15970.0,23786038.10180664,0.023940207546008403,0.009850411146717572,0.016895309346362988
2007-09-05,926.0,1472.2900390625,15886.0,23388799.560546875,-0.004310351501122212,-0.016841517647391495,-0.010575934574256853
2007-09-06,928.0,1478.550048828125,15913.0,23528166.927001953,0.0021574981400210927,0.005941039534903839,0.004049268837462466
2007-09-07,934.0,1453.550048828125,15916.0,23134702.577148438,0.006444705442641963,-0.01686452974285208,-0.005209912150105059
2007-09-10,927.0,1451.699951171875,16235.0,23568348.70727539,-0.007522872662987412,0.0185708890979735,0.005524008217493045
2007-09-11,920.0,1471.489990234375,16235.0,23889639.991455078,-0.007579895522769107,0.013540236395020916,0.0029801704361259044
2007-09-12,921.0,1471.56005859375,15910.0,23412520.532226562,0.0010863662122207896,-0.02017394705300915,-0.009543790420394181
2007-09-13,921.0,1483.949951171875,15975.0,23706100.469970703,0.0,0.012461474067713184,0.006230737033856592
2007-09-14,930.0,1484.25,15965.0,23696051.25,0.00972454989199478,-0.000423998479251249,0.0046502757063717655
2007-09-17,935.0,1476.6500244140625,15962.0,23570287.689697266,0.005361943141385373,-0.00532149770464038,2.0222718372496767e-05
2007-09-18,935.0,1519.780029296875,15957.0,24251129.927490234,0.0,0.02847628861527954,0.01423814430763977
2007-09-19,946.0,1529.030029296875,15930.0,24357448.36669922,0.011696039763191236,0.0043744792579016745,0.008035259510546455
2007-09-20,964.0,1518.75,15922.0,24181537.5,0.01884872555866733,-0.00724826173082594,0.0058002319139206955
2007-09-21,959.0,1525.75,15880.0,24228910.0,-0.005200219727107375,0.0019571194883490303,-0.0016215501193791724
2007-09-24,976.0,1517.72998046875,15901.0,24133424.419433594,0.017571511529654353,-0.0039487632590961665,0.006811374135279094
2007-09-25,1010.0,1517.2099609375,15915.0,24146396.528320312,0.03424302342221266,0.0005373718851575564,0.017390197653685106
2007-09-26,1016.0,1525.4200439453125,15816.0,24126043.415039062,0.005923018303122071,-0.0008432602334251868,0.0025398790348484424
2007-09-27,1014.0,1531.3800048828125,15825.0,24234088.577270508,-0.001970443987298725,0.00446836423110754,0.0012489601219044075
2007-09-28,1047.0,1526.75,15805.0,24130283.75,0.032026026719408435,-0.004292622096512574,0.01386670231144793
2007-10-01,1084.0,1547.0400390625,15810.0,24458703.017578125,0.034728971129054736,0.01351846543562456,0.024123718282339647
2007-10-02,1099.0,1546.6300048828125,15800.0,24436754.077148438,0.013742772404029933,-0.0008977906418362599,0.006422490881096836
2007-10-03,1107.0,1539.5899658203125,15860.0,24417896.857910156,0.007252978305015577,-0.0007719723634840918,0.0032405029707657427
2007-10-04,1088.0,1542.8399658203125,15861.0,24470984.697875977,-0.01731250529274896,0.002171776450703735,-0.007570364421022612
2007-10-05,1082.0,1557.5899658203125,15774.0,24569424.12084961,-0.005529968009461086,0.004014630283851159,-0.0007576688628049637
2007-10-08,1085.0,1552.5799560546875,15837.0,24588208.764038086,0.002768806568133019,0.000764261539883356,0.0017665340540081874
2007-10-09,1097.0,1565.1500244140625,15845.0,24799802.13684082,0.010999194300670317,0.0085686652924861,0.009783929796578208
2007-10-10,1105.0,1562.469970703125,15788.0,24668275.897460938,0.007266153676622977,-0.005317633291578862,0.0009742601925220576
2007-10-11,1099.0,1554.4100341796875,15803.0,24564341.7701416,-0.005444659548231809,-0.0042221716676334375,-0.004833415607932623
2007-10-12,1105.0,1561.800048828125,15815.0,24699867.772216797,0.005444659548231764,0.0055020204413513685,0.005473339994791566
2007-10-15,1105.0,1548.7099609375,15839.0,24530017.071289062,0.0,-0.006900336062756613,-0.0034501680313783066
2007-10-16,1104.0,1538.530029296875,15850.0,24385700.96435547,-0.0009053871148125678,-0.0059006197375295714,-0.0034030034261710697
2007-10-17,1101.0,1541.239990234375,15782.0,24323849.525878906,-0.0027210901143606132,-0.002539603469835852,-0.002630346792098233
2007-10-18,1089.0,1540.0799560546875,15768.0,24283980.747070312,-0.010959013789719543,-0.0016404265537172558,-0.0062997201717184
2007-10-19,1097.0,1500.6300048828125,15798.0,23706952.817138672,0.007319337342269702,-0.02404853151529465,-0.008364597086512474
2007-10-22,1086.0,1506.3299560546875,15839.0,23858760.173950195,-0.010077959781349488,0.006383079857228501,-0.0018474399620604935
2007-10-23,1075.0,1519.5899658203125,15827.0,24050550.389038086,-0.010180559932117604,0.00800642870284682,-0.001087065614635392
2007-10-24,1096.0,1515.8800048828125,15766.0,23899364.156982422,0.019346526946197592,-0.006306027215791753,0.006520249865202919
2007-10-25,1096.0,1514.4000244140625,15783.0,23901775.58532715,0.0,0.00010089417782812564,5.044708891406282e-05
2007-10-26,1092.0,1535.280029296875,15782.0,24229789.42236328,-0.0036563112031105433,0.013630095558095886,0.004986892177492671
2007-10-29,1064.0,1540.97998046875,15813.0,24367516.431152344,-0.025975486403260677,0.005668107525908014,-0.010153689438676332
2007-10-30,1070.0,1531.02001953125,15809.0,24203895.48876953,0.0056232575543622605,-0.006737360716463744,-0.0005570515810507416
2007-10-31,1065.0,1549.3800048828125,15798.0,24477105.317138672,-0.004683849312426314,0.011224612984931723,0.0032703818362527044
2007-11-01,1076.0,1508.43994140625,15801.0,23834859.514160156,0.010275662578204297,-0.02658900926267423,-0.008156673342234966
2007-11-02,1067.0,1509.6500244140625,15798.0,23849451.08569336,-0.008399489419976359,0.0006120072537523203,-0.003893741083112019
2007-11-05,1047.0,1502.1700439453125,15801.0,23735788.864379883,-0.018922040431216463,-0.004777214009937057,-0.01184962722057676
2007-11-06,1032.0,1520.27001953125,15797.0,24015705.498535156,-0.014430264829028783,0.011724024312049832,-0.0013531202584894757
2007-11-07,1031.0,1475.6199951171875,15857.0,23398906.262573242,-0.0009694620245481195,-0.02601873174110438,-0.01349409688282625
2007-11-08,1026.0,1474.77001953125,15800.0,23301366.30859375,-0.004861458286245089,-0.004177281649376802,-0.004519369967810946
2007-11-09,1018.0,1453.699951171875,15813.0,22987357.32788086,-0.007827828620246792,-0.013567615303753182,-0.010697721961999987
2007-11-12,1006.0,1439.1800537109375,15818.0,22764950.08959961,-0.011857846450783503,-0.00972230703632261,-0.010790076743553055
2007-11-13,974.0,1481.050048828125,15775.0,23363564.520263672,-0.032326047017149376,0.025955660717812745,-0.0031851931496683153
2007-11-14,994.0,1470.5799560546875,15830.0,23279280.704345703,0.020325903014038908,-0.003614012277706615,0.008355945368166147
2007-11-15,1003.0,1451.1500244140625,15807.0,22938328.435913086,0.009013581305361389,-0.014754482546634431,-0.0028704506206365214
2007-11-16,998.0,1458.739990234375,15799.0,23046633.10571289,-0.00499751165047151,0.0047104473474381976,-0.00014353215151665603
2007-11-19,999.0,1433.27001953125,15786.0,22625600.528320312,0.0010015023370896004,-0.01843765768511945,-0.008718077674014925
2007-11-20,984.0,1439.699951171875,15776.0,22712706.4296875,-0.01512888159630009,0.0038424905730361707,-0.005643195511631959
2007-11-21,971.0,1416.77001953125,15746.0,22308460.727539062,-0.013299428760928487,-0.017958511162322978,-0.015628969961625733
2007-11-23,976.0,1440.699951171875,15773.0,22724160.329833984,0.005136118121767492,0.018462678866039056,0.011799398493903275
2007-11-26,991.0,1407.219970703125,16045.0,22578844.42993164,0.015251947916895424,-0.006415309494814327,0.004418319211040548
2007-11-27,988.0,1428.22998046875,15806.0,22574603.071289062,-0.003031836582120125,-0.00018786422254636544,-0.0016098504023332452
2007-11-28,985.0,1469.02001953125,15804.0,23216392.388671875,-0.0030410565757789344,0.028033081166192617,0.01249601229520684
2007-11-29,980.0,1469.719970703125,15758.0,23159847.298339844,-0.005089069507471293,-0.002438538300386014,-0.0037638039039286537
2007-11-30,972.0,1481.1400146484375,16037.0,23753042.414916992,-0.008196767204178515,0.02529056460991852,0.008546898702870002
2007-12-03,988.0,1472.4200439453125,16042.0,23620562.344970703,0.016326893287428666,-0.005593005470782628,0.005366943908323019
2007-12-04,989.0,1462.7900390625,15761.0,23055033.805664062,0.0010116338748442258,-0.024233486523570415,-0.011610926324363094
2007-12-05,976.0,1485.010009765625,16035.0,23812135.506591797,-0.013231745209619592,0.0323112139972829,0.009539734393831654
2007-12-06,974.0,1507.3399658203125,16033.0,24167181.67199707,-0.0020512827705573607,0.014800237570872576,0.0063744774001576075
2007-12-07,975.0,1504.6600341796875,15777.0,23739021.35925293,0.0010261673553121748,-0.01787541848239381,-0.008424625563540818
2007-12-10,958.0,1515.9599609375,15769.0,23905172.624023438,-0.01758969302698666,0.006974698255303695,-0.005307497385841482
2007-12-11,941.0,1477.6500244140625,15773.0,23306973.835083008,-0.017904638385480877,-0.02534224128853794,-0.021623439837009407
2007-12-12,946.0,1486.5899658203125,15770.0,23443523.760986328,0.005299429466498593,0.00584166249510333,0.005570545980800961
2007-12-13,930.0,1488.4100341796875,15847.0,23586833.811645508,-0.017057982904576625,0.006094382506026265,-0.00548180019927518
2007-12-14,922.0,1467.949951171875,15827.0,23233243.877197266,-0.00863936259070774,-0.015104488261236228,-0.011871925425971985
2007-12-17,911.0,1445.9000244140625,15829.0,22887151.486450195,-0.012002326296635517,-0.015008496114540597,-0.013505411205588057
2007-12-18,920.0,1454.97998046875,15753.0,22920299.63232422,0.009830772783127734,0.0014472820840502048,0.00563902743358897
2007-12-19,947.0,1453.0,15793.0,22947229.0,0.028925423142992356,0.0011742237514401992,0.015049823447216278
2007-12-20,930.0,1460.1199951171875,15775.0,23033392.922973633,-0.01811450703877659,0.003747840730603917,-0.0071833331540863375
2007-12-21,935.0,1484.4599609375,15755.0,23387666.684570312,0.005361943141385373,0.01526378944757938,0.010312866294482376
2007-12-24,931.0,1496.449951171875,16028.0,23985099.817382812,-0.004287252011619924,0.025223977949774858,0.010468362969077466
2007-12-26,924.0,1497.6600341796875,16020.0,23992513.747558594,-0.007547205635382966,0.0003090578994620625,-0.0036190738679604518
2007-12-27,922.0,1476.27001953125,15755.0,23258634.157714844,-0.002166848085090314,-0.031065429785635028,-0.016616138935362672
2007-12-28,927.0,1478.489990234375,15736.0,23265518.486328125,0.00540834200926123,0.0002959464395279046,0.002852144224394567
2008-01-02,921.0,1447.1600341796875,15990.0,23140088.946533203,-0.006493529310548343,-0.0054058055559663264,-0.005949667433257335
2008-01-03,908.0,1447.1600341796875,15751.0,22794217.698364258,-0.014215657654013558,-0.015059671526264464,-0.014637664590139012
2008-01-04,903.0,1411.6300048828125,15754.0,22238819.096923828,-0.005521825184307861,-0.024667524262421053,-0.015094674723364458
2008-01-07,887.0,1416.1800537109375,15724.0,22268015.16455078,-0.0178775711074059,0.0013119815102260086,-0.008282794798589945
2008-01-08,894.0,1390.18994140625,15724.0,21859346.638671875,0.007860792863934641,-0.018522757462586335,-0.005330982299325847
2008-01-09,878.0,1409.1300048828125,15766.0,22216343.656982422,-0.018059181538397532,0.01619962491999162,-0.0009297783092029558
2008-01-10,850.0,1420.3299560546875,15748.0,22367356.14794922,-0.03241024415075449,0.006774362340900518,-0.012817940904926986
2008-01-11,861.0,1401.02001953125,15708.0,22007222.466796875,0.01285815494336866,-0.016231887694294185,-0.0016868663754627629
2008-01-14,841.0,1416.25,15749.0,22304521.25,-0.02350284445478278,0.013418711125560366,-0.005042066664611207
2008-01-15,809.0,1380.949951171875,15806.0,21827294.928222656,-0.038792742914456335,-0.02162815700446439,-0.030210449959460362
2008-01-16,846.0,1373.199951171875,15849.0,21763846.026123047,0.04472044254773159,-0.0029110936542826003,0.020904674446724496
2008-01-17,834.0,1333.25,15730.0,20972022.5,-0.014285957247476541,-0.037060866325014596,-0.02567341178624557
2008-01-18,847.0,1325.18994140625,15975.0,21169909.313964844,0.01546729229330754,0.009391513863823288,0.012429403078565413
2008-01-22,808.0,1310.5,15779.0,20678379.5,-0.04713863613095902,-0.023492115597728316,-0.03531537586434367
2008-01-23,777.0,1338.5999755859375,15648.0,20946412.41796875,-0.039121708153447975,0.012878700903505373,-0.0131215036249713
2008-01-24,764.0,1352.0699462890625,15671.0,21188288.1282959,-0.016872561201126953,0.011481195506163383,-0.002695682847481785
2008-01-25,776.0,1330.6099853515625,15747.0,20953115.439331055,0.01558473101669833,-0.011161238611072965,0.002211746202812682
2008-01-28,785.0,1353.9599609375,15722.0,21286958.505859375,0.01153119759918964,0.015807264843773556,0.013669231221481597
2008-01-29,812.0,1362.300048828125,15726.0,21423530.567871094,0.03381662237926951,0.006395268724393518,0.020105945551831515
2008-01-30,843.0,1355.81005859375,15658.0,21229273.897460938,0.037466617840177435,-0.00910880379245164,0.014178907023862899
2008-01-31,844.0,1378.550048828125,15720.0,21670806.767578125,0.0011855365941017652,0.020584971145128927,0.010885253869615346
2008-02-01,860.0,1395.4200439453125,15960.0,22270903.901367188,0.018779894651596275,0.02731502418798292,0.023047459419789598
2008-02-12,841.0,1348.8599853515625,15734.0,21222963.009521484,-0.02234072927460538,-0.04819731243325753,-0.03526902085393146
2008-02-13,818.0,1367.2099609375,15701.0,21466563.596679688,-0.027729323370201047,0.011412786724740852,-0.008158268322730098
2008-02-14,823.0,1348.8599853515625,15709.0,21189241.509887695,0.006093864074322813,-0.013002966113989007,-0.003454551019833097
2008-02-15,816.0,1349.989990234375,15693.0,21185392.916748047,-0.00854184571296279,-0.00018164608154403234,-0.0043617458972534115
2008-02-19,777.0,1348.780029296875,15697.0,21171800.119873047,-0.048974004596459626,-0.0006418176638784185,-0.024807911130169023
2008-02-20,745.0,1360.030029296875,15698.0,21349751.399902344,-0.042056131988087914,0.008369982399813168,-0.016843074794137373
2008-02-21,710.0,1342.530029296875,15625.0,20977031.707763672,-0.04811924834419846,-0.01761198460963978,-0.032865616476919116
2008-02-22,687.0,1353.1099853515625,15688.0,21227589.450195312,-0.03293067781301172,0.011873613800692798,-0.01052853200615946
2008-02-25,715.0,1371.800048828125,15682.0,21512568.365722656,0.039948250471658335,0.013335614720797546,0.026641932596227942
2008-02-26,693.0,1381.2900390625,15661.0,21632383.301757812,-0.031252543504104426,0.005554079418638143,-0.012849232042733142
2008-02-27,686.0,1380.02001953125,15672.0,21627673.74609375,-0.010152371464017962,-0.0002177322918209986,-0.00518505187791948
2008-02-28,678.0,1367.6800537109375,15618.0,21360427.078857422,-0.011730339785489605,-0.012433678392190582,-0.012082009088840093
2008-02-29,663.0,1330.6300048828125,15673.0,20854964.06652832,-0.0223722977545331,-0.023948003587922352,-0.023160150671227724
2008-03-03,635.0,1331.3399658203125,15654.0,20840795.824951172,-0.04314999129317082,-0.0006796010989766026,-0.02191479619607371
2008-03-04,609.0,1326.75,15676.0,20798133.0,-0.04180673118279459,-0.0020491804704898665,-0.02192795582664223
2008-03-05,583.0,1333.699951171875,15865.0,21159149.725341797,-0.04363108135940459,0.017209200007091956,-0.013210940676156318
2008-03-06,611.0,1304.3399658203125,15657.0,20422050.844848633,0.046909772821102896,-0.03545718223053748,0.005726295295282707
2008-03-07,640.0,1293.3699951171875,15655.0,20247707.27355957,0.04637121718212229,-0.008573674756033265,0.01889877121304451
2008-03-10,658.0,1273.3699951171875,15633.0,19906593.133666992,0.02773675497159962,-0.01699057597584434,0.0053730894978776395
2008-03-11,639.0,1320.6500244140625,15745.0,20793634.634399414,-0.029300476947782414,0.04359592257113037,0.007147722811673977
2008-03-12,644.0,1308.77001953125,15727.0,20583026.09716797,0.007794271726818703,-0.010180152403861381,-0.0011929403385213394
2008-03-13,648.0,1315.47998046875,15612.0,20537273.455078125,0.00619197024792098,-0.002225307766169344,0.001983331240875818
2008-03-14,644.0,1288.1400146484375,15603.0,20098848.64855957,-0.006191970247921107,-0.021578920250818034,-0.01388544524936957
2008-03-17,616.0,1276.5999755859375,15800.0,20170279.614257812,-0.04445176257083381,0.0035476824902446837,-0.020452040040294564
2008-03-18,588.0,1330.739990234375,15614.0,20778174.20751953,-0.04652001563489282,0.029692904094187796,-0.00841355577035251
2008-03-19,573.0,1298.4200439453125,15658.0,20330661.048095703,-0.025841231183887328,-0.021772975838460384,-0.023807103511173856
2008-03-20,565.0,1329.510009765625,15582.0,20716424.97216797,-0.014059985568298598,0.018796719547085675,0.0023683669893935387
2008-03-24,521.0,1349.8800048828125,15675.0,21159369.076538086,-0.08107568939307408,0.02115592719553296,-0.029959881098770562
2008-03-25,497.0,1352.989990234375,15551.0,21040347.338134766,-0.047160015656738136,-0.005640893547074708,-0.02640045460190642
2008-03-26,505.0,1341.1300048828125,15575.0,20888099.826049805,0.015968403178731203,-0.007262285704313351,0.004353058737208926
2008-03-27,509.0,1325.760009765625,15841.0,21001364.314697266,0.007889587275162924,0.005407792484257682,0.006648689879710303
2008-03-28,513.0,1315.219970703125,15933.0,20955399.79321289,0.007827828620246696,-0.0021910431297576336,0.0028183927452445313
2008-03-31,517.0,1322.699951171875,15914.0,21049447.02294922,0.007767029337659596,0.0044779302397983224,0.006122479788728959
2008-04-01,521.0,1370.1800537109375,16115.0,22080451.565551758,0.0077071672449377385,0.04781838244845144,0.02776277484669459
2008-04-02,525.0,1367.530029296875,15878.0,21713641.80517578,0.007648220838256819,-0.01675195489589058,-0.0045518670288168805
2008-04-03,529.0,1369.31005859375,15836.0,21684394.087890625,0.007590169266675653,-0.0013478822767598931,0.00312114349495788
2008-04-04,533.0,1370.4000244140625,15855.0,21727692.38708496,0.00753299230754523,0.0019947584678525077,0.0047638753876988685
2008-04-07,542.0,1372.5400390625,15872.0,21784955.5,0.0167445772738017,0.002632023044029351,0.009688300158915525
2008-04-08,549.0,1365.5400390625,15884.0,21690237.98046875,0.01283244006988436,-0.004357320200750585,0.0042375599345668875
2008-04-09,552.0,1354.489990234375,15872.0,21498465.125,0.005449604767564685,-0.008880753626264984,-0.0017155744293501497
2008-04-10,546.0,1360.550048828125,15996.0,21763358.581054688,-0.010929070532190317,0.012246213582980519,0.0006585715253951008
2008-04-11,539.0,1332.8299560546875,15861.0,21140015.9329834,-0.012903404835907841,-0.02906002250264971,-0.020981713669278777
2008-04-16,531.0,1364.7099609375,15895.0,21692064.829101562,-0.014953549667058358,0.025778783461633904,0.005412616897287773
2008-04-17,538.0,1365.56005859375,15893.0,21702846.01123047,0.0130965389198455,0.0004968869455865089,0.006796712932716004
2008-04-18,537.0,1390.3299560546875,15970.0,22203569.39819336,-0.0018604656529196783,0.022809655118392672,0.010474594732736497
2008-04-21,535.0,1388.1700439453125,15975.0,22176016.452026367,-0.0037313476128581356,-0.0012416947647997656,-0.0024865211888289505
2008-04-22,531.0,1375.93994140625,15848.0,21805896.19140625,-0.007504725654067693,-0.01683096417051983,-0.012167844912293762
2008-04-23,522.0,1379.9300537109375,15965.0,22030583.307495117,-0.017094433359300068,0.010251237613578811,-0.0034215978728606286
2008-04-24,518.0,1388.8199462890625,15945.0,22144734.0435791,-0.007692345623155614,0.005168089195560082,-0.001262128213797766
2008-04-25,516.0,1397.8399658203125,15928.0,22264794.975585938,-0.0038684767779203176,0.005407002828610265,0.0007692630253449736
2008-04-28,519.0,1396.3699951171875,15886.0,22182733.74243164,0.005797117684325915,-0.003692503442164468,0.0010523071210807233
2008-04-29,522.0,1390.93994140625,15876.0,22082562.509765625,0.005763704716750134,-0.004525956545728062,0.0006188740855110359
2008-05-05,521.0,1407.489990234375,15840.0,22294641.4453125,-0.0019175461292718174,0.009558085287825337,0.00382026957927676
2008-05-06,518.0,1418.260009765625,15846.0,22473748.114746094,-0.005774799493883908,0.008001521912748132,0.0011133612094321116
2008-05-07,515.0,1392.5699462890625,15912.0,22158572.985351562,-0.005808341595746902,-0.014123413733749651,-0.009965877664748277
2008-05-08,508.0,1397.6800537109375,15827.0,22121082.210083008,-0.013685453085254203,-0.001693363873849384,-0.007689408479551793
2008-05-09,500.0,1388.280029296875,15950.0,22143066.467285156,-0.01587334915629012,0.000993321216681202,-0.0074400139698044595
2008-05-12,492.0,1403.5799560546875,15950.0,22387100.299072266,-0.016129381929883644,0.01096049229248502,-0.0025844448186993123
2008-05-13,484.0,1403.0400390625,15891.0,22295709.260742188,-0.016393809775676383,-0.004090663352263085,-0.010242236563969734
2008-05-14,476.0,1408.6600341796875,15894.0,22389242.583251953,-0.016667052485211647,0.004186351568111805,-0.006240350458549921
2008-05-15,467.0,1423.5699462890625,15956.0,22714482.06298828,-0.019088596562522736,0.014422095721209989,-0.0023332504206563737
2008-05-16,460.0,1425.3499755859375,15934.0,22711526.510986328,-0.01510276818575663,-0.00013012598284127682,-0.007616447084298953
2008-05-19,456.0,1426.6300048828125,15980.0,22797547.478027344,-0.008733679968754553,0.0037803919942721227,-0.0024766439872412156
2008-05-20,449.0,1413.4000244140625,15968.0,22569171.58984375,-0.015469921772131778,-0.010068077304479372,-0.012768999538305575
2008-05-21,442.0,1390.7099609375,15916.0,22134539.73828125,-0.01571300566455611,-0.019445613540497217,-0.017579309602526662
2008-05-22,435.0,1394.3499755859375,15959.0,22252431.260375977,-0.015963850989014088,0.005312000195447019,-0.005325925396783534
2008-05-23,428.0,1375.9300537109375,15950.0,21946084.356689453,-0.01622283550688726,-0.013862538380910788,-0.015042686943899024
2008-05-30,414.0,1400.3800048828125,16025.0,22441089.57824707,-0.03325722175648235,0.022304900265031548,-0.005476160745725402
2008-06-02,408.0,1385.6700439453125,15986.0,22151321.322509766,-0.014598799421152636,-0.012996486557684097,-0.013797642989418366
2008-06-03,401.0,1377.6500244140625,16157.0,22258691.444458008,-0.017305747097592566,0.004835410956312157,-0.006235168070640205
2008-06-04,396.0,1377.199951171875,16050.0,22104059.216308594,-0.01254721605208864,-0.006971292451089951,-0.009759254251589296
2008-06-05,390.0,1404.050048828125,15955.0,22401618.529052734,-0.01526747213078842,0.013371945408335525,-0.000947763361226448
2008-06-06,384.0,1360.6800537109375,16005.0,21777684.259643555,-0.015504186535965199,-0.0282474243269183,-0.02187580543144175
2008-06-09,379.0,1361.760009765625,16185.0,22040085.75805664,-0.013106347505300547,0.011977087611010752,-0.0005646299471448978
2008-06-10,373.0,1358.43994140625,16065.0,21823337.658691406,-0.015957785438610806,-0.00988294331239556,-0.012920364375503184
2008-06-11,370.0,1335.489990234375,16050.0,21434614.34326172,-0.008075414005545418,-0.01797282401244614,-0.013024119008995779
2008-06-12,371.0,1339.8699951171875,16325.0,21873377.670288086,0.0026990569691649835,0.020263157878240002,0.011481107423702492
2008-06-13,373.0,1360.030029296875,16050.0,21828481.970214844,0.005376357036380496,-0.0020546364038787467,0.0016608603162508746
2008-06-16,378.0,1360.1400146484375,16349.0,22236929.099487305,0.013315775975772156,0.01853875034386148,0.015927263159816817
2008-06-17,385.0,1350.9300537109375,16354.0,22093110.098388672,0.018349138668196617,-0.006488580126958484,0.005930279270619066
2008-06-18,382.0,1337.81005859375,16304.0,21811655.1953125,-0.007822725681209045,-0.012821330750721253,-0.010322028215965149
2008-06-19,373.0,1342.8299560546875,16344.0,21947212.801757812,-0.023842188962759636,0.0061956831280840915,-0.008823252917337772
2008-06-20,366.0,1317.9300537109375,16344.0,21540248.797851562,-0.018945086242449304,-0.018716929874510457,-0.01883100805847988
2008-06-23,369.0,1318.0,16354.0,21554572.0,0.008163310639160835,0.0006647296547784491,0.0044140201469696425
2008-06-24,376.0,1314.2900390625,16316.0,21443956.27734375,0.01879249934936732,-0.005145104779489051,0.006823697284939135
2008-06-25,384.0,1321.969970703125,16271.0,21509773.393310547,0.021053409197832263,0.003064561237487505,0.012058985217659884
2008-06-26,386.0,1283.1500244140625,16317.0,20937158.948364258,0.00519481687710393,-0.026981887858831027,-0.010893535490863549
2008-06-27,393.0,1278.3800048828125,16592.0,21210881.041015625,0.017972242404430436,0.012988786239235614,0.015480514321833026
2008-06-30,399.0,1280.0,16355.0,20934400.0,0.015151805020602246,-0.013120567736631098,0.0010156186419855743
2008-07-01,410.0,1284.9100341796875,16847.0,21646879.345825195,0.027195742808490082,0.03346756406687363,0.030331653437681856
2008-07-02,419.0,1261.52001953125,16482.0,20792372.961914062,0.02171376022378426,-0.04027506805004555,-0.009280653913130644
2008-07-03,430.0,1262.9000244140625,16793.0,21207880.10998535,0.025914288765470368,0.01978658097590324,0.022850434870686803
2008-07-07,436.0,1252.31005859375,16529.0,20699432.958496094,0.01385703466142628,-0.024266509327851987,-0.005204737333212853
2008-07-08,437.0,1273.699951171875,16523.0,21045344.29321289,0.0022909517465557624,0.01657305536002147,0.009432003553288616
2008-07-09,440.0,1244.68994140625,16500.0,20537384.033203125,0.006841531816716784,-0.024432525187126113,-0.008795496685204664
2008-07-10,447.0,1253.3900146484375,16596.0,20801260.68310547,0.01578386770126195,0.012766757875613,0.014275312788437477
2008-07-11,457.0,1239.489990234375,16589.0,20561899.447998047,0.022124796280635763,-0.011573772712565468,0.005275511784035148
2008-07-14,468.0,1228.300048828125,16542.0,20318539.407714844,0.02378490502344212,-0.011906081337464432,0.005939411842988843
2008-07-15,480.0,1214.9100341796875,16698.0,20286567.750732422,0.025317807984289786,-0.0015747607050903966,0.011871523639599695
2008-07-16,487.0,1245.3599853515625,16702.0,20800002.475341797,0.014478019180653235,0.024994125833942036,0.019736072507297635
2008-07-17,490.0,1260.3199462890625,16568.0,20880980.870117188,0.006141268022082429,0.0038856327351720335,0.005013450378627231
2008-07-18,483.0,1260.6800537109375,16555.0,20870558.28918457,-0.014388737452099556,-0.0004992669184890047,-0.007444002185294281
2008-07-21,471.0,1260.0,16414.0,20681640.0,-0.025158559636154987,-0.009093121359858871,-0.01712584049800693
2008-07-22,458.0,1277.0,16350.0,20878950.0,-0.027988909902232784,0.009495124222757997,-0.009246892839737394
2008-07-23,446.0,1282.18994140625,16642.0,21338205.004882812,-0.02655023209412084,0.02175765383169384,-0.0023962891312134995
2008-07-24,436.0,1252.5400390625,16300.0,20416402.63671875,-0.0226767086710297,-0.04416049963133344,-0.03341860415118157
2008-07-25,429.0,1257.760009765625,16554.0,20820959.201660156,-0.016185324421017305,0.019621504696787594,0.0017180901378851445
2008-07-28,435.0,1234.3699951171875,16543.0,20420182.829223633,0.013889112160667093,-0.019436367155411416,-0.0027736274973721615
2008-07-29,444.0,1263.199951171875,16692.0,21085333.584960938,0.0204785313435407,0.03205394189888905,0.026266236621214877
2008-07-30,448.0,1284.260009765625,16535.0,21235239.26147461,0.008968669982760316,0.007084322984379771,0.008026496483570043
2008-07-31,451.0,1267.3800048828125,16525.0,20943454.580688477,0.006674107087693218,-0.01383586398316817,-0.0035808784477374764
2008-08-01,447.0,1260.31005859375,16506.0,20802677.827148438,-0.008908744889109555,-0.006744446924900834,-0.007826595907005195
2008-08-04,439.0,1249.010009765625,16534.0,20651131.501464844,-0.018059181538397532,-0.007311607944911,-0.012685394741654265
2008-08-05,430.0,1284.8800048828125,16350.0,21007788.079833984,-0.02071420438756322,0.017123117750286226,-0.0017955433186384977
2008-08-06,437.0,1289.18994140625,16350.0,21078255.541992188,0.01614798640798194,0.003348736157926132,0.009748361282954036
2008-08-07,439.0,1266.0699462890625,16480.0,20864832.71484375,0.004566217979581184,-0.010176869563425306,-0.002805325791922061
2008-08-08,444.0,1296.3199462890625,16353.0,21198720.08166504,0.011325149357053503,0.01587570983857025,0.013600429597811877
2008-08-11,455.0,1305.3199462890625,16150.0,21080917.13256836,0.02447285651872574,-0.00557257638470985,0.009450140067007945
2008-08-12,460.0,1289.5899658203125,16296.0,21015158.083007812,0.01092907053219023,-0.0031242391464086643,0.003902415692890783
2008-08-13,464.0,1285.8299560546875,16296.0,20953884.963867188,0.008658062743114531,-0.0029199218388871536,0.002869070452113689
2008-08-14,476.0,1292.9300537109375,16403.0,21207931.671020508,0.025533302005164845,0.012051178153214466,0.018792240079189657
2008-08-15,489.0,1298.199951171875,16353.0,21229463.801513672,0.026944635243451927,0.0010147716230533327,0.01397970343325263
2008-08-18,508.05,1278.5999755859375,16427.0,21003561.798950195,0.03821737845701849,-0.01069798594012822,0.013759696258445135
2008-08-19,512.0,1266.68994140625,16297.0,20643245.975097656,0.007744757107617336,-0.01730383833150567,-0.004779540611944166
2008-08-20,508.0,1274.5400390625,16329.0,20811964.297851562,-0.007843177461025893,0.008139833483154418,0.00014832801106426288
2008-08-21,526.0,1277.719970703125,16207.0,20708007.565185547,0.03481976515922791,-0.005007563600529955,0.014906100779348978
2008-08-22,527.0,1292.199951171875,16364.0,21145560.000976562,0.0018993358036525374,0.020909490055962383,0.011404412929807461
2008-08-25,548.0,1266.8399658203125,16396.0,20771108.079589844,0.03907473840665316,-0.01786696795297663,0.010603885226838266
2008-08-26,562.0,1271.510009765625,16291.0,20714169.569091797,0.025226562945675563,-0.0027450001291055323,0.011240781408285015
2008-08-27,562.0,1281.6600341796875,16367.0,20976929.779418945,0.0,0.012605265567362965,0.006302632783681482
2008-08-28,548.0,1300.6800537109375,16379.0,21303838.599731445,-0.025226562945675574,0.015464020520725826,-0.004881271212474874
2008-08-29,539.0,1282.8299560546875,16315.0,20929370.733032227,-0.016559716039018332,-0.01773380173373941,-0.01714675888637887
2008-09-03,555.0,1274.97998046875,16231.0,20694200.06298828,0.029252542837437428,-0.011299999877615211,0.008976271479911108
2008-09-04,559.0,1236.8299560546875,16563.0,20485614.56213379,0.007181359408664576,-0.010130559675763175,-0.0014746001335492996
2008-09-05,547.0,1242.31005859375,16234.0,20167661.491210938,-0.021700670733117985,-0.01564250584646541,-0.018671588289791697
2008-09-08,533.0,1267.7900390625,16445.0,20848807.192382812,-0.02592737825613667,0.03321633231520124,0.0036444770295322865
2008-09-09,525.0,1224.510009765625,16391.0,20070943.57006836,-0.015123161574220773,-0.03802356195218458,-0.026573361763202675
2008-09-10,514.0,1232.0400390625,16435.0,20248578.041992188,-0.02117499713645863,0.008811395280761667,-0.0061818009278484815
2008-09-11,497.0,1249.050048828125,16458.0,20556865.70361328,-0.033633239358536376,0.015110411705067252,-0.009261413826734562
2008-09-12,476.0,1251.699951171875,16228.0,20312586.807617188,-0.04317217186520878,-0.011954248956937783,-0.027563210411073284
2008-09-15,477.0,1192.699951171875,16313.0,19456514.303466797,0.0020986366569212054,-0.043058794069093326,-0.02048007870608606
2008-09-16,456.0,1213.5999755859375,16408.0,19912748.399414062,-0.04502368137395513,0.02317821008770559,-0.010922735643124768
2008-09-17,437.0,1156.3900146484375,16301.0,18850313.62878418,-0.04255961441879589,-0.054830597817811626,-0.04869510611830376
2008-09-18,419.0,1206.510009765625,16611.0,20041337.772216797,-0.042062275173452394,0.06126747720188567,0.009602601014216637
2008-09-19,439.0,1255.0799560546875,16693.0,20951049.7064209,0.04662849315303372,0.04439172134205704,0.04551010724754538
2008-09-22,460.0,1207.0899658203125,16191.0,19543993.63659668,0.046727076407969394,-0.0695207420696533,-0.01139683283084195
2008-09-23,466.0,1188.219970703125,16611.0,19737521.93334961,0.012959144642505116,0.009853482472130916,0.011406313557318016
2008-09-24,455.0,1185.8699951171875,16374.0,19417435.300048828,-0.02388821517469549,-0.016350101571021073,-0.020119158372858284
2008-09-25,470.0,1209.1800537109375,16393.0,19822088.6204834,0.032435275753153955,0.02062551352614705,0.026530394639650505
2008-09-26,484.0,1213.27001953125,16302.0,19778727.858398438,0.02935221201252737,-0.002189893202661896,0.013581159404932737
2008-09-29,479.0,1106.4200439453125,16321.0,18057881.537231445,-0.010384309305716493,-0.09102476984924282,-0.050704539577479654
2008-09-30,457.0,1166.3599853515625,16577.0,19334749.47717285,-0.0470172065167105,0.06832172827799522,0.010652260880642361
2008-10-01,454.0,1161.06005859375,16456.0,19106404.32421875,-0.0065861928528567265,-0.011880384231664456,-0.009233288542260592
2008-10-02,460.0,1114.280029296875,16545.0,18435763.084716797,0.013129291441792802,-0.03573115969563433,-0.011300934126920766
2008-10-03,452.0,1099.22998046875,16421.0,18050455.509277344,-0.017544309650909508,-0.021121503656220435,-0.01933290665356497
2008-10-06,434.0,1056.8900146484375,16383.0,17315029.10998535,-0.04063764573182627,-0.04159606137811551,-0.04111685355497089
2008-10-07,414.0,996.22998046875,16369.0,16307288.550292969,-0.0471785602750905,-0.05996270085787286,-0.053570630566481675
2008-10-08,401.0,984.9400024414062,16463.0,16215067.260192871,-0.031904546518745226,-0.005671270421850112,-0.018787908470297668
2008-10-09,398.0,909.9199829101562,16453.0,14970913.4788208,-0.007509422022131459,-0.07983167057450757,-0.04367054629831952
2008-10-10,379.0,899.219970703125,16469.0,14809253.697509766,-0.048915800202011396,-0.010856981984592196,-0.029886391093301795
2008-10-13,372.0,1003.3499755859376,16309.0,16363634.751831057,-0.01864235080927983,0.09980924437804783,0.040583446784384004
2008-10-14,389.0,998.010009765625,16420.0,16387324.360351562,0.0446854893452997,0.0014466515359644935,0.023066070440632098
2008-10-15,397.0,907.8400268554688,16599.0,15069236.605773926,0.020356937068744103,-0.08385277632443479,-0.031747919627845345
2008-10-16,385.0,946.4299926757812,16294.0,15421130.30065918,-0.030692946399406135,0.023083311595308697,-0.0038048174020487192
2008-10-17,383.0,940.5499877929688,16266.0,15298986.10144043,-0.005208345107138235,-0.007952108076593786,-0.006580226591866011
2008-10-20,371.0,985.4000244140624,16523.0,16281764.603393553,-0.0318329265732109,0.06225918724950158,0.01521313033814534
2008-10-21,380.0,955.0499877929688,16720.0,15968435.795898438,0.023969190112996402,-0.01943173454836804,0.0022687277823141803
2008-10-22,375.0,896.780029296875,16551.0,14842606.264892578,-0.01324522675002068,-0.07311216438600396,-0.04317869556801232
2008-10-23,360.0,908.1099853515624,16557.0,15035577.027465818,-0.040821994520255166,0.012917348012888671,-0.013952323253683247
2008-10-24,345.0,876.77001953125,16471.0,14441278.991699219,-0.04255961441879589,-0.0403284922761904,-0.04144405334749314
2008-10-27,329.0,848.9199829101562,16525.0,14028402.717590332,-0.047486666265987895,-0.02900666238291823,-0.03824666432445306
2008-10-28,323.0,940.510009765625,16614.0,15625633.302246094,-0.0184054275427153,0.10782868615306652,0.04471162930517561
2008-10-29,332.0,930.0900268554688,16335.0,15193020.588684082,0.0274826456938321,-0.028076575541362822,-0.00029696492376536134
2008-10-30,337.0,954.0900268554688,16838.0,16064967.872192383,0.014947961435873148,0.055804842098811806,0.035376401767342476
2008-10-31,347.0,968.75,16617.0,16097718.75,0.029241849594497386,0.0020365767022045766,0.01563921314835098
2008-11-03,348.0,966.2999877929688,16812.0,16245435.39477539,0.0028776998276151956,0.00913440112874469,0.006006050478179943
2008-11-04,361.0,1005.75,16555.0,16650191.25,0.03667547855840657,0.02460973231372927,0.03064260543606792
2008-11-05,378.0,952.77001953125,16556.0,15774060.443359375,0.046016237286706764,-0.054054856043887475,-0.004019309378590356
2008-11-06,380.0,904.8800048828124,16505.0,14935044.480590818,0.005277057100843819,-0.0546564168608495,-0.02468967988000284
2008-11-07,366.0,930.989990234375,16734.0,15579186.496582031,-0.03753791931906521,0.04222539454035084,0.002343737610642816
2008-11-10,366.0,919.2100219726562,16854.0,15492365.710327148,0.0,-0.00558845671010237,-0.002794228355051185
2008-11-11,352.0,898.9500122070312,16946.0,15233606.906860352,-0.039002157803269204,-0.016843399826831938,-0.02792277881505057
2008-11-12,342.0,852.2999877929688,16807.0,14324605.894836426,-0.02882043853549197,-0.061525217427563665,-0.045172827981527816
2008-11-13,346.0,911.2899780273438,16775.0,15286889.381408691,0.011628037995119214,0.06501680735300354,0.03832242267406138
2008-11-14,352.0,873.2899780273438,16825.0,14693103.880310059,0.01719240054037277,-0.039617297947821255,-0.011212448703724242
2008-11-17,345.0,850.75,16684.0,14193913.0,-0.020086758566737344,-0.034565049189691305,-0.027325903878214326
2008-11-18,341.0,859.1199951171875,16641.0,14296615.838745117,-0.011661939747842975,0.007209643891949588,-0.0022261479279466934
2008-11-19,337.0,806.5800170898438,16840.0,13582807.487792969,-0.011799546931155055,-0.05121801691123364,-0.03150878192119435
2008-11-20,326.0,752.4400024414062,16753.0,12605627.360900879,-0.033185548985654095,-0.07466150751556239,-0.05392352825060824
2008-11-21,319.0,800.030029296875,16740.0,13392502.690429688,-0.02170627858186306,0.06055171946500151,0.019422720441569227
2008-11-24,317.0,851.8099975585938,16543.0,14091492.789611816,-0.00628932890756399,0.05087621737810626,0.022293444235271135
2008-11-25,320.0,857.3900146484375,16496.0,14143505.681640625,0.009419221916491558,0.003684289263691521,0.006551755590091539
2008-11-26,312.0,887.6799926757812,16766.0,14882842.757202148,-0.025317807984289897,0.05095350036344368,0.01281784618957689
2008-11-28,315.0,896.239990234375,16782.0,15040699.516113281,0.009569451016150672,0.010550771151018712,0.010060111083584691
2008-12-01,315.0,816.2100219726562,16812.0,13722122.889404297,0.0,-0.0917504879432166,-0.0458752439716083
2008-12-02,307.0,848.8099975585938,16824.0,14280379.398925781,-0.02572489123843593,0.03987718523395069,0.007076146997757379
2008-12-03,306.0,870.739990234375,16582.0,14438610.518066406,-0.0032626456348163824,0.011019379213442166,0.003878366789312892
2008-12-04,309.0,845.219970703125,16567.0,14002759.254638672,0.009756174945364656,-0.030651504511468676,-0.010447664783052011
2008-12-05,300.0,876.0700073242188,16613.0,14554151.031677246,-0.02955880224154439,0.038621847389479526,0.0045315225739675676
2008-12-08,289.0,909.7000122070312,16583.0,15085555.3024292,-0.03735578654376886,0.03586143629440541,-0.0007471751246817225
2008-12-09,293.0,888.6699829101562,16641.0,14788357.18560791,0.013745920904635136,-0.019897488967080504,-0.003075784031222684
2008-12-10,287.0,899.239990234375,16582.0,14911197.518066406,-0.020690393257446166,0.008272247458329298,-0.006209072899558434
2008-12-11,289.0,873.5900268554688,16564.0,14470145.204833984,0.006944472352810995,-0.030024866506470543,-0.011540197076829774
2008-12-12,300.0,879.72998046875,16743.0,14729319.062988281,0.03735578654376882,0.017752426021597625,0.02755410628268322
2008-12-15,308.0,868.5700073242188,16700.0,14505119.122314453,0.026317308317373358,-0.015338371463180936,0.005489468427096211
2008-12-16,296.0,913.1799926757812,16470.0,15040074.479370117,-0.03974032864951411,0.036216640555431605,-0.0017618440470412514
2008-12-17,301.0,904.4199829101562,16330.0,14769178.320922852,0.01675081042481535,-0.018175807222787176,-0.0007124983989859127
2008-12-18,306.0,885.280029296875,17105.0,15142714.901123047,0.016474837203505042,0.024977088318149192,0.020725962760827117
2008-12-19,307.0,887.8800048828125,16798.0,14914608.322021484,0.0032626456348163694,-0.015178394744409279,-0.005957874554796455
2008-12-22,310.0,871.6300048828125,16743.0,14593701.17175293,0.00972454989199478,-0.02175114791536635,-0.006013299011685785
2008-12-23,304.0,863.1599731445312,16783.0,14486413.829284668,-0.019544596072970283,-0.007378776132595135,-0.01346168610278271
2008-12-24,304.0,868.1500244140625,16759.0,14549326.259155273,0.0,0.004333454434483372,0.002166727217241686
2008-12-26,304.0,872.7999877929688,16664.0,14544338.996582031,0.0,-0.00034284182334914383,-0.00017142091167457192
2008-12-29,309.0,869.4199829101562,17179.0,14935765.886413574,0.016313575491523787,0.026556886157156897,0.021435230824340342
2008-12-30,316.0,890.6400146484375,17239.0,15353743.212524414,0.022400936689166713,0.02760057013175373,0.025000753410460222
2008-12-31,316.0,903.25,17204.0,15539513.0,0.0,0.01202670416885472,0.00601335208442736
2009-01-02,313.34,931.7999877929688,17216.0,16041868.58984375,-0.008453350621571208,0.031816085312346525,0.011681367345387658
2009-01-05,311.91,927.4500122070312,17226.0,15976253.91027832,-0.004574178307352323,-0.004098602059987504,-0.004336390183669913
2009-01-06,314.04,934.7000122070312,16976.0,15867467.407226562,0.006805681672066296,-0.006832551081594804,-1.3434704764254003e-05
2009-01-07,319.58,906.6500244140624,17143.0,15542701.368530272,0.017487267381187624,-0.020679775066855713,-0.0015962538428340445
2009-01-08,314.15,909.72998046875,17207.0,15653723.773925781,-0.017137054862286432,0.007117666437651142,-0.005009694212317645
2009-01-09,313.4,890.3499755859375,17526.0,15604273.67211914,-0.002390248927035581,-0.0031639994305645417,-0.0027771241788000613
2009-01-12,312.18,870.260009765625,17268.0,15027649.848632812,-0.003900385391653237,-0.03765300256909673,-0.020776693980374985
2009-01-13,307.13,871.7899780273438,17313.0,15093299.889587402,-0.016308833805161984,0.0043591019194744425,-0.005974865942843771
2009-01-14,307.98,842.6199951171875,17248.0,14533509.67578125,0.0027637350751617868,-0.037793934160535385,-0.017515099542686798
2009-01-15,304.01,843.739990234375,17231.0,14538483.771728516,-0.012974250198223049,0.0003421916013282627,-0.0063160292984473934
2009-01-16,306.12,850.1199951171875,17174.0,14599960.796142578,0.006916586339676546,0.004219656645703733,0.005568121492690139
2009-01-20,302.86,805.219970703125,17309.0,13937552.47290039,-0.010706529413210842,-0.046432029429944434,-0.028569279421577637
2009-01-21,300.04,840.239990234375,17052.0,14327772.313476562,-0.009354853427073883,0.027612959527895945,0.009129053050411031
2009-01-22,301.12,827.5,17154.0,14194935.0,0.003593057295579133,-0.009314562775612668,-0.0028607527400167677
2009-01-23,303.21,831.9500122070312,16938.0,14091569.306762695,0.006916778357665927,-0.007308513785729993,-0.0001958677140320329
2009-02-02,297.52,825.4400024414062,17204.0,14200869.802001953,-0.018944185137866266,0.007726519341814808,-0.0056088328980257295
2009-02-03,288.69,838.510009765625,17182.0,14407278.987792969,-0.03012800158039537,0.01443034773732102,-0.007848826921537174
2009-02-04,286.11,832.22998046875,16997.0,14145412.978027344,-0.008977095777488396,-0.018343163760445223,-0.01366012976896681
2009-02-05,277.81,845.8499755859375,17229.0,14573149.229370117,-0.029438925466337827,0.02979034125581368,0.00017570789473792675
2009-02-06,281.63,868.5999755859375,17276.0,15005933.178222656,0.013656725907850217,0.029264926483582632,0.021460826195716425
2009-02-09,287.57,869.8900146484375,17157.0,14924702.981323242,0.02087215616181023,-0.0054279097778859526,0.00772212319196214
2009-02-10,282.02,827.1599731445312,17323.0,14328892.214782715,-0.019488318453169354,-0.04073982479863341,-0.030114071625901382
2009-02-11,276.22,833.739990234375,17174.0,14318650.592285156,-0.020780340759301352,-0.0007150088231201903,-0.010747674791210771
2009-02-12,276.09,835.1900024414062,16755.0,13993608.490905762,-0.0004707501309075449,-0.022962235703098324,-0.011716492917002934
2009-02-13,274.51,826.8400268554688,17101.0,14139791.299255371,-0.005739209360346031,0.0103922117525283,0.0023265011960911346
2009-02-17,263.07,789.1699829101562,17276.0,13633700.62475586,-0.04256753369915515,-0.036448186050566975,-0.039507859874861065
2009-02-18,255.09,788.4199829101562,17215.0,13572650.00579834,-0.03080373239356309,-0.004487975786213094,-0.017645854089888093
2009-02-19,254.85,778.9400024414062,17206.0,13402441.682006836,-0.0009412872797601907,-0.012619833489825876,-0.006780560384793034
2009-02-20,252.57,770.0499877929688,16875.0,12994593.544006348,-0.008986698768368386,-0.03090351570417937,-0.01994510723627388
2009-02-23,244.02,743.3300170898438,17165.0,12759259.743347168,-0.034438248870494105,-0.018276127339163038,-0.026357188104828573
2009-02-24,235.5,773.1400146484375,17326.0,13395423.893798828,-0.03553927569071575,0.04865588578001985,0.00655830504465205
2009-02-25,244.33,764.9000244140625,17084.0,13067552.017089844,0.0368088571042066,-0.024780935926647298,0.006013960588779652
2009-02-26,242.53,752.8300170898438,17224.0,12966744.214355469,-0.007394356494551792,-0.007744269762921879,-0.007569313128736836
2009-02-27,245.74,735.0900268554688,16875.0,12404644.203186035,0.013148652373297862,-0.04431700747376127,-0.015584177550231705
2009-03-02,247.66,700.8200073242188,17183.0,12042190.18585205,0.0077827713475272136,-0.02965460254505819,-0.01093591559876549
2009-03-03,241.46,696.3300170898438,16755.0,11667009.436340332,-0.025353009882711136,-0.03165117981368563,-0.02850209484819838
2009-03-04,244.36,712.8699951171875,16750.0,11940572.41821289,0.011938719877324871,0.023176895391717155,0.017557807634521014
2009-03-05,246.68,682.5499877929688,17169.0,11718700.74041748,0.00944940234172577,-0.018756128361697835,-0.004653363009986033
2009-03-06,245.7,683.3800048828125,17157.0,11724750.743774414,-0.00398067059615873,0.0005161359022002468,-0.0017322673469792418
2009-03-09,247.85,676.530029296875,17156.0,11606549.182617188,0.008712444939449582,-0.010132532076961355,-0.0007100435687558866
2009-03-10,251.88,719.5999755859375,17091.0,12298683.182739258,0.016129059153958934,0.057922674830626505,0.03702586699229272
2009-03-11,255.85,721.3599853515625,17161.0,12379258.708618164,0.015638551630558814,0.006530188989644979,0.011084370310101897
2009-03-12,251.01,750.739990234375,16725.0,12556126.336669922,-0.019098556275483854,0.014186313462578691,-0.002456121406452581
2009-03-13,251.44,756.5499877929688,16725.0,12653298.545837402,0.0017116135136952901,0.007709235009042813,0.004710424261369052
2009-03-16,254.56,753.8900146484375,17256.0,13009126.092773438,0.012332172100164705,0.027733182511597655,0.02003267730588118
2009-03-17,263.2,778.1199951171875,16750.0,13033509.91821289,0.03337763486168543,0.0018726086372097923,0.01762512174944761
2009-03-18,273.39,794.3499755859375,16755.0,13309333.840942383,0.03798514772498292,0.02094185469511328,0.0294635012100481
2009-03-19,267.04,784.0399780273438,16750.0,13132669.631958008,-0.02350088726262012,-0.013362590917432247,-0.018431739090026183
2009-03-20,266.62,768.5399780273438,17188.0,13209665.142333984,-0.0015740362279940822,0.005845778690489002,0.00213587123124746
2009-03-23,260.16,822.9199829101562,16750.0,13783909.713745117,-0.024527597326085095,0.04255317971606336,0.009012791194989132
2009-03-24,270.6,806.1199951171875,16755.0,13506540.518188477,0.03934488937724193,-0.020327898178400222,0.009508495599420855
2009-03-25,277.6,813.8800048828125,17517.0,14256736.045532227,0.02553951289596178,0.05405544902525401,0.039797480960607895
2009-03-26,286.3,832.8599853515625,17520.0,14591706.943359375,0.03085898347141995,0.023223849778565064,0.027041416624992508
2009-03-27,287.41,815.9400024414062,17588.0,14350752.762939453,0.0038695556467372933,-0.01665095157557739,-0.006390697964420048
2009-03-30,282.38,787.530029296875,17471.0,13758937.141845703,-0.017656086169427657,-0.04211381125407693,-0.02988494871175229
2009-03-31,280.7,797.8699951171875,17454.0,13926022.89477539,-0.005967198213542236,0.012070653626569224,0.003051727706513494
2009-04-01,289.5,811.0800170898438,17633.0,14301773.941345215,0.03086881364521308,0.02662434086440995,0.028746577254811514
2009-04-02,297.3,834.3800048828125,17482.0,14586631.245361328,0.0265864329910022,0.01972185969381576,0.02315414634240898
2009-04-03,310.3,842.5,17474.0,14721845.0,0.042797841450282495,0.009227004012075976,0.026012422731179236
2009-04-07,322.4,815.5499877929688,17715.0,14447468.033752441,0.038253439178138705,-0.01881326849279657,0.009720085342671068
2009-04-08,313.8,825.1599731445312,17490.0,14432047.930297852,-0.027037170333540896,-0.0010678922000771196,-0.014052531266809007
2009-04-09,311.7,856.5599975585938,17485.0,14976951.557312012,-0.0067146535256408695,0.037061172105562236,0.015173259289960684
2009-04-13,340.01,858.72998046875,17735.0,15229576.203613281,0.08693384216910408,0.016726883566272766,0.05183036286768842
2009-04-14,347.1,841.5,16825.0,14158237.5,0.02063789392534521,-0.07294272991972889,-0.02615241799719184
2009-04-15,339.3,852.0599975585938,17473.0,14888044.337341309,-0.022728251077556175,0.050261887214927324,0.013766818068685575
2009-04-16,343.9,865.2999877929688,17552.0,15187745.385742188,0.013466245648035937,0.019930380661705903,0.01669831315487092
2009-04-17,334.1,869.5999755859375,17474.0,15195389.973388672,-0.028910568075509496,0.0005032125695680689,-0.014203677752970713
2009-04-20,318.9,832.3900146484375,17600.0,14650064.2578125,-0.046562775346699094,-0.036547368973453793,-0.041555072160076444
2009-04-21,312.8,850.0800170898438,16855.0,14328098.688049316,-0.019313565344855812,-0.022222169141936123,-0.020767867243395965
2009-04-22,321.9,843.5499877929688,17491.0,14754532.836486816,0.028676929633606317,0.029327794013423763,0.029002361823515038
2009-04-23,315.2,851.9199829101562,17371.0,14798702.023132324,-0.021033580321038334,0.00298912926064177,-0.009022225530198283
2009-04-24,309.9,866.22998046875,17472.0,15134770.21875,-0.01695769319002159,0.022455284463039796,0.0027487956365091024
2009-04-27,313.7,857.510009765625,17450.0,14963549.670410156,0.012187450402930037,-0.011377538413104559,0.00040495599491273924
2009-04-28,315.7,855.1599731445312,17454.0,14925962.171264648,0.006355280367313589,-0.0025150975471659918,0.0019200914100737986
2009-04-29,321.6,873.6400146484375,17499.0,15287826.616333008,0.018516141740865404,0.02395474142565477,0.021235441583260087
2009-05-04,336.6,907.239990234375,17477.0,15855833.309326172,0.04558674445189427,0.03648059903740308,0.04103367174464868
2009-05-05,351.3,903.7999877929688,17460.0,15780347.786865234,0.042745277515075744,-0.0047721098500618404,0.018986583832506954
2009-05-06,350.1,919.530029296875,17486.0,16078902.092285156,-0.0034217313111613275,0.01874262867666234,0.007660448682750507
2009-05-07,363.9,907.3900146484376,17476.0,15857547.895996096,0.038660276657494025,-0.013862388655270388,0.012398944001111818
2009-05-08,366.2,929.22998046875,16855.0,15662171.320800781,0.0063005276222962685,-0.012397260024051903,-0.0030483662008778173
2009-05-11,373.0,909.239990234375,16880.0,15347971.03515625,0.01839878740340518,-0.02026504972096688,-0.0009331311587808498
2009-05-12,382.0,908.3499755859376,16885.0,15337489.337768557,0.023842188962759657,-0.0006831703137562964,0.01157950932450168
2009-05-13,378.3,883.9199829101562,17551.0,15513679.620056152,-0.009733076967591623,0.011422075971409373,0.000844499501908875
2009-05-14,376.8,893.0700073242188,16880.0,15075021.723632812,-0.003972988936775558,-0.028683007184969984,-0.016327998060872772
2009-05-15,390.2,882.8800048828125,16855.0,14880942.482299805,0.03494488548680289,-0.01295781738585448,0.010993534050474206
2009-05-18,390.9,909.7100219726562,17486.0,15907189.444213867,0.0017923446098983393,0.06668980706920867,0.034241075839553506
2009-05-19,400.9,908.1300048828124,16850.0,15301990.582275389,0.025260246849552123,-0.038788249980201146,-0.0067640015653245116
2009-05-20,410.4,903.469970703125,17501.0,15811627.95727539,0.023420274208098422,0.03276269266760275,0.028091483437850583
2009-05-21,412.5,888.3300170898438,16855.0,14972802.438049316,0.005103911918176041,-0.05451023149833265,-0.024703159790078304
2009-05-22,404.6,887.0,17510.0,15531370.0,-0.019337281041090573,0.036626465103566486,0.008644592031237956
2009-05-26,425.0,910.3300170898438,16850.0,15339060.787963867,0.04919024419077178,-0.012459281899232573,0.018365481145769604
2009-05-27,425.2,893.0599975585938,16855.0,15052526.258850098,0.0004704775433759167,-0.018856732886714744,-0.009193127671669413
2009-05-28,415.5,906.8300170898438,16850.0,15280085.787963867,-0.023077032172289926,0.015004563278899197,-0.004036234446695364
2009-05-29,411.6,919.1400146484376,17462.0,16050022.935791017,-0.00943061033560825,0.049159880478096246,0.019864635071244
2009-06-01,426.4,942.8699951171876,16855.0,15892073.767700197,0.03532586889174013,-0.009889798841168201,0.012718035025285963
2009-06-02,440.6,944.739990234375,16850.0,15918868.835449219,0.03275956151660817,0.0016846450870944428,0.017222103301851307
2009-06-03,444.8,931.760009765625,17487.0,16293687.290771484,0.009487308568129758,0.02327262518244175,0.016379966875285756
2009-06-04,458.2,942.4600219726562,17524.0,16515669.425048828,0.029681027083022508,0.013531842362295874,0.02160643472265919
2009-06-05,478.7,940.0900268554688,16850.0,15840516.952514648,0.04376832637906815,-0.041738570642097926,0.001014877868485111
2009-06-08,501.5,939.1400146484376,16850.0,15824509.246826174,0.04652951100352682,-0.0010110654544457159,0.022759222774540552
2009-06-09,512.5,942.4299926757812,16855.0,15884657.526550293,0.021697103610573042,0.0037937516488264025,0.012745427629699723
2009-06-10,497.5,939.1500244140624,16855.0,15829373.661499022,-0.02970515441391581,-0.0034864013799681104,-0.01659577789694196
2009-06-11,511.3,944.8900146484376,17518.0,16552583.27661133,0.027360945487306117,0.04467487230441583,0.03601790889586097
2009-06-12,510.0,946.2100219726562,16850.0,15943638.870239258,-0.0025457763675820933,-0.03748224609430688,-0.020014011230944487
2009-06-15,493.5,923.719970703125,16855.0,15569300.106201172,-0.032887866844835176,-0.023758899365943564,-0.02832338310538937
2009-06-16,472.0,911.969970703125,16850.0,15366694.006347656,-0.04454387328798091,-0.013098592915539243,-0.028821233101760074
2009-06-17,472.5,910.7100219726562,16855.0,15350017.420349121,0.0010587613482421182,-0.001085831579129072,-1.3535115443476893e-05
2009-06-18,479.3,918.3699951171876,16850.0,15474534.417724611,0.014288959231788162,0.0080791231172288,0.011184041174508481
2009-06-19,475.2,921.22998046875,17504.0,16125209.578125,-0.008590938117150523,0.04118812766444285,0.016298594773646164
2009-06-22,458.1,893.0399780273438,16855.0,15052188.829650879,-0.03664826715573864,-0.06886044188437054,-0.05275435452005459
2009-06-23,438.6,895.0999755859375,16850.0,15082434.588623047,-0.04349966490890866,0.002007376611864539,-0.02074614414852206
2009-06-24,456.2,900.9400024414062,16850.0,15180839.041137695,0.03934347386649973,0.0065032488243266596,0.022923361345413194
2009-06-25,453.8,920.260009765625,17511.0,16114673.03100586,-0.0052747375045462674,0.059696182089641746,0.02721072229254774
2009-06-26,461.4,918.9000244140624,16855.0,15488059.911499022,0.016608773393911928,-0.03966082655234296,-0.011526026579215516
2009-06-29,460.4,927.22998046875,17488.0,16215397.8984375,-0.00216966889192575,0.0458918795894207,0.021861105348747478
2009-06-30,448.3,919.3200073242188,16850.0,15490542.123413086,-0.026633025686333647,-0.04573162626897841,-0.03618232597765603
2009-07-01,430.0,923.3300170898438,17516.0,16173048.579345703,-0.041677442473785783,0.04311653676443284,0.0007195471453235285
2009-07-02,433.8,896.4199829101562,17513.0,15699003.160705566,0.008798389705165992,-0.02974897147458256,-0.010475290884708284
2009-07-06,454.3,898.719970703125,17512.0,15738384.126953125,0.046174174372583664,0.002505360034291411,0.024339767203437536
2009-07-07,447.6,881.030029296875,17522.0,15437408.173339844,-0.01485779632758743,-0.019308911339274606,-0.017083353833431018
2009-07-08,446.8,879.5599975585938,17520.0,15409891.157226562,-0.0017889092427245995,-0.0017840799038616876,-0.0017864945732931434
2009-07-09,446.4,882.6799926757812,17515.0,15460140.071716309,-0.0008956561279445173,0.0032555172035223174,0.0011799305377889
2009-07-10,438.8,879.1300048828125,17512.0,15395324.645507812,-0.017171682666025912,-0.004201234506572367,-0.01068645858629914
2009-07-13,426.7,901.0499877929688,17485.0,15754859.036560059,-0.0279625382071209,0.0230849590720045,-0.0024387895675581986
2009-07-14,418.6,905.8400268554688,17502.0,15854012.150024414,-0.01916538018205486,0.006273772834399907,-0.006445803673827476
2009-07-15,427.1,932.6799926757812,17523.0,16343351.511657715,0.020102367835521488,0.030398578487743546,0.025250473161632515
2009-07-16,433.5,940.739990234375,17478.0,16442253.549316406,0.014873618373175707,0.0060332781707759,0.010453448271975804
2009-07-17,428.7,940.3800048828124,17515.0,16470755.78552246,-0.011134422616665187,0.001731974310888172,-0.004701224152888508
2009-07-20,413.0,951.1300048828124,17524.0,16667602.205566404,-0.03730978064289862,0.011880415764932987,-0.012714682438982815
2009-07-21,416.0,954.5800170898438,16850.0,16084673.287963867,0.007237667300230602,-0.03559999863085354,-0.014181165665311468
2009-07-22,419.0,954.0700073242188,16855.0,16080849.973449707,0.007185659660874533,-0.000237727488596622,0.0034739660861389556
2009-07-23,434.0,976.2899780273438,16855.0,16455367.579650879,0.035173614178267094,0.023022599224312996,0.029098106701290045
2009-07-24,455.0,979.260009765625,17529.0,17165448.71118164,0.04725288485054551,0.04224684699786275,0.04474986592420413
2009-07-27,470.0,982.1799926757812,16850.0,16549732.876586914,0.032435275753153955,-0.03652860631606892,-0.002046665281457482
2009-07-28,463.0,979.6199951171876,16850.0,16506596.917724611,-0.015005640617870162,-0.002609847107349429,-0.008807743862609796
2009-07-29,458.0,975.1500244140624,16855.0,16436153.661499022,-0.010857869972049069,-0.004276714139280942,-0.007567292055665005
2009-07-30,452.0,986.75,16850.0,16626737.5,-0.013187004281953801,0.011528692300503764,-0.0008291559907250183
2009-07-31,467.0,987.47998046875,16865.0,16653849.870605469,0.03264707783666612,0.0016293207990263462,0.017138199317846235
2009-08-03,468.0,1002.6300048828124,17525.0,17571090.835571285,0.0021390382487494423,0.05361357223432119,0.027876305241535317
2009-08-04,477.0,1005.6500244140624,16860.0,16955259.41162109,0.01904819497069441,-0.03567690992483795,-0.008314357477071769
2009-08-05,481.0,1002.719970703125,16850.0,16895831.506347656,0.008350779217419889,-0.0035111403925049767,0.002419819412457456
2009-08-06,481.0,997.0800170898438,17534.0,17482801.01965332,0.0,0.03415066371384419,0.017075331856922095
2009-08-07,481.0,1010.47998046875,16855.0,17031640.07080078,0.0,-0.026144803948117953,-0.013072401974058977
2009-08-10,491.0,1007.0999755859376,16855.0,16974670.08850098,0.02057685768875929,-0.003350556724880043,0.008613150481939624
2009-08-11,494.0,994.3499755859376,16855.0,16759768.838500978,0.006091389393401913,-0.012740935609429798,-0.003324773108013943
2009-08-12,497.0,1005.8099975585938,16850.0,16947898.458862305,0.006054508908706222,0.01116253890521851,0.008608523906962366
2009-08-13,504.0,1012.72998046875,16855.0,17069563.82080078,0.01398624197473987,0.007153142683797524,0.010569692329268698
2009-08-14,507.0,1004.0900268554688,16850.0,16918916.95251465,0.0059347355198145265,-0.008864641864932549,-0.001464953172559011
2009-08-17,500.0,979.72998046875,16855.0,16513348.820800781,-0.01390290516899138,-0.024263268961519993,-0.01908308706525569
2009-08-18,500.0,989.6699829101562,17700.0,17517158.697509766,0.0,0.05901182428764489,0.029505912143822446
2009-08-19,508.0,996.4600219726562,17700.0,17637342.388916016,0.015873349156290163,0.006837483447019444,0.011355416301654804
2009-08-20,514.0,1007.3699951171876,17735.0,17865706.863403324,0.011741817876683195,0.012864676629915089,0.012303247253299142
2009-08-21,519.0,1026.1300048828125,17730.0,18193284.986572266,0.009680617710723496,0.018169511585951637,0.013925064648337567
2009-08-24,528.0,1025.5699462890625,17523.0,17971062.168823242,0.01719240054037277,-0.01228976227881836,0.0024513191307772055
2009-08-25,528.9,1028.0,17534.0,18024952.0,0.0017030943656727656,0.002994213258479526,0.002348653812076146
2009-08-26,526.0,1028.1199951171875,17700.0,18197723.91357422,-0.005498165334224316,0.009539506369042647,0.0020206705174091654
2009-08-27,527.0,1030.97998046875,17710.0,18258655.454101562,0.0018993358036525374,0.0033427124865499495,0.0026210241451012435
2009-08-28,536.5,1028.9300537109375,17605.0,18114313.595581055,0.01786601352939087,-0.007936806920103557,0.004964603304643657
2009-08-31,546.8,1020.6199951171876,17725.0,18090489.413452152,0.019016542779041305,-0.0013160787292065728,0.008850232024917366
2009-09-01,547.7,998.0399780273438,17700.0,17665307.611083984,0.001644586939881264,-0.02378365915521432,-0.011069536107666528
2009-09-03,540.8,1003.239990234375,17725.0,17782428.826904297,-0.012678167060921503,0.006608130943598602,-0.0030350180586614503
2009-09-04,528.5,1016.4000244140624,17725.0,18015690.432739254,-0.023006719418461982,0.013032243708161063,-0.004987237855150459
2009-09-08,537.8,1025.3900146484375,17700.0,18149403.259277344,0.017443938524471826,0.007394612991432071,0.012419275757951948
2009-09-09,536.1,1033.3699951171875,17725.0,18316483.16345215,-0.003166033001272144,0.009163691863850413,0.0029988294312891343
2009-09-10,540.2,1044.1400146484375,17506.0,18278715.096435547,0.0076187305250233,-0.002064100331286832,0.0027773150968682337
2009-09-11,548.0,1042.72998046875,17700.0,18456320.654296875,0.014335845589500273,0.0096696212809461,0.012002733435223185
2009-09-14,556.6,1049.3399658203125,17700.0,18573317.39501953,0.015571562143774857,0.00631910740710653,0.010945334775440694
2009-09-15,556.8,1052.6300048828125,17502.0,18423130.345458984,0.00035925992841928287,-0.008119042975499544,-0.0038798915235401304
2009-09-16,557.0,1068.760009765625,17800.0,19023928.173828125,0.0003591309070742865,0.032090605246842395,0.016224868076958342
2009-09-17,561.2,1065.489990234375,17543.0,18691890.89868164,0.007512108301021964,-0.01760777635656326,-0.005047834027770648
2009-09-18,571.0,1068.300048828125,17558.0,18757212.25732422,0.017311861427704158,0.003488544151077134,0.010400202789390646
2009-09-21,578.0,1064.6600341796875,17534.0,18667749.03930664,0.012184659016367219,-0.004780947545511873,0.0037018557354276727
2009-09-22,582.9,1071.6600341796875,17730.0,19000532.40600586,0.008441776379126478,0.017669615507990698,0.013055695943558588
2009-09-23,582.1,1060.8699951171875,17700.0,18777398.91357422,-0.0013733907738141342,-0.01181303895945641,-0.006593214866635272
2009-09-24,574.8,1050.780029296875,17701.0,18599857.298583984,-0.012620100072820077,-0.009500052612538218,-0.011060076342679147
2009-09-25,582.8,1044.3800048828125,17578.0,18358111.725830078,0.013821920116179942,-0.013082375844384245,0.0003697721358978485
2009-09-28,582.0,1062.97998046875,17578.0,18685062.096679688,-0.0013736265896118678,0.017652853549567058,0.008139613479977595
2009-09-29,582.6,1060.6099853515625,17534.0,18596735.483154297,0.0010303967938964016,-0.0047383326189559885,-0.0018539679125297935
2009-09-30,580.9,1057.0799560546875,17720.0,18731456.821289062,-0.002922219526847482,0.0072182398753285314,0.0021480101742405245
2009-10-01,569.0,1029.8499755859375,17576.0,18100643.170898438,-0.020698190872155874,-0.03425682158790677,-0.027477506230031323
2009-10-02,549.7,1025.2099609375,17500.0,17941174.31640625,-0.03450775925971612,-0.008849159462204268,-0.021678459360960196
2009-10-05,549.0,1040.4599609375,17615.0,18327702.211914062,-0.0012742333570841446,0.0213153848240572,0.010020575733486529
2009-10-06,552.0,1054.719970703125,17615.0,18578892.283935547,0.005449604767564685,0.0136124155690534,0.009531010168309043
2009-10-07,566.4,1057.5799560546875,17580.0,18592255.627441406,0.02575249610241455,0.0007190170243567949,0.013235756563385671
2009-10-08,571.8,1065.47998046875,17800.0,18965543.65234375,0.009488737508701453,0.019878710917701957,0.014683724213201705
2009-10-09,582.0,1071.489990234375,17615.0,18874296.177978516,0.017681167843226445,-0.004822834961265742,0.006429166440980351
2009-10-12,594.3,1076.18994140625,17581.0,18920495.35986328,0.02091379464117704,0.002444739236017984,0.011679266938597513
2009-10-13,589.9,1073.18994140625,17546.0,18830190.711914062,-0.007431211363585322,-0.004784274385273966,-0.006107742874429644
2009-10-14,605.7,1092.02001953125,17815.0,19454336.64794922,0.026431782977872003,0.03260853840986575,0.029520160693868876
2009-10-15,617.4,1096.56005859375,17800.0,19518769.04296875,0.019132298081157354,0.0033065085566332717,0.011219403318895312
2009-10-16,609.5,1087.6800537109375,17800.0,19360704.956054688,-0.01287816314673262,-0.008131023468328601,-0.010504593307530612
2009-10-19,607.1,1097.9100341796875,17805.0,19548288.158569336,-0.003945426784937812,0.009642226171215568,0.002848399693138878
2009-10-20,616.6,1091.06005859375,17805.0,19426324.34326172,0.015526993315661602,-0.0062586491870243255,0.004634172064318638
2009-10-21,618.5,1081.4000244140625,17805.0,19254327.434692383,0.0030766763804926174,-0.00889323391718201,-0.0029082787683446963
2009-10-22,624.1,1092.9100341796875,17805.0,19459263.158569336,0.0090134201074547,0.010587374358508142,0.009800397232981421
2009-10-23,615.2,1079.5999755859375,17815.0,19233073.565063477,-0.014363193748563095,-0.011691833024841471,-0.013027513386702282
2009-10-26,609.3,1066.949951171875,17825.0,19018382.879638672,-0.009636660936985628,-0.011225347203878366,-0.010431004070431998
2009-10-27,596.8,1063.4100341796875,17835.0,18965917.959594727,-0.020728708364897562,-0.0027624546061802728,-0.011745581485538918
2009-10-28,599.9,1042.6300048828125,17651.0,18403462.216186523,0.005180925769496416,-0.030104765957954156,-0.012461920094228869
2009-10-29,581.5,1066.1099853515625,17840.0,19019402.138671875,-0.031152002700328214,0.03292081248768926,0.000884404893680522
2009-10-30,587.1,1036.18994140625,17676.0,18315693.404296875,0.00958419111142119,-0.037701367898620504,-0.014058588393599657
2009-11-02,561.7,1042.8800048828125,17840.0,18604979.287109375,-0.044227263531753123,0.015670993074390665,-0.01427813522868123
2009-11-03,539.7,1045.4100341796875,17841.0,18651160.419799805,-0.039954469913789974,0.0024791165540091445,-0.018737676679890413
2009-11-04,537.5,1046.5,17835.0,18664327.5,-0.0040846696227793446,0.0007057166597938078,-0.0016894764814927685
2009-11-05,555.5,1066.6300048828125,17825.0,19012679.837036133,0.03293984907786681,0.018492034710118902,0.025715941893992858
2009-11-06,554.9,1069.300048828125,17820.0,19054926.870117188,-0.0010806917478292093,0.0022195800618802475,0.0005694441570255191
2009-11-09,534.1,1093.0799560546875,17825.0,19484150.216674805,-0.038204829986130825,0.022275629172970608,-0.007964600406580109
2009-11-10,524.4,1093.010009765625,17825.0,19482903.424072266,-0.01832833545617988,-6.399214138483759e-05,-0.009196163798782358
2009-11-11,537.6,1098.510009765625,17825.0,19580940.924072266,0.02486003731939504,0.005019357795690984,0.014939697557543012
2009-11-12,546.0,1087.239990234375,17820.0,19374616.625976562,0.015504186535965254,-0.010592903316774411,0.0024556416095954216
2009-11-13,548.2,1093.47998046875,17575.0,19217910.65673828,0.004021208123780361,-0.008121097089506965,-0.002049944482863302
2009-11-16,545.7,1109.300048828125,17805.0,19751087.369384766,-0.004570809676499132,0.027365855601510766,0.011397522962505817
2009-11-17,547.1,1110.3199462890625,17800.0,19763695.043945312,0.0025622268775940434,0.0006381244799221579,0.0016001756787581006
2009-11-18,553.8,1109.800048828125,17825.0,19782185.870361328,0.012172009667081117,0.0009351582180523061,0.006553583942566711
2009-11-19,560.1,1094.9000244140625,17800.0,19489220.434570312,0.011311728478925165,-0.01492031471398655,-0.001804293117530692
2009-11-20,556.0,1091.3800048828125,17820.0,19448391.68701172,-0.007347044965204263,-0.00209713746157787,-0.004722091213391066
2009-11-23,537.0,1106.239990234375,17800.0,19691071.826171875,-0.034770199741717696,0.01240094918971134,-0.011184625276003179
2009-11-24,527.1,1105.6500244140625,17805.0,19686098.684692383,-0.018607810647703497,-0.00025259008920213447,-0.009430200368452817
2009-11-25,503.4,1110.6300048828125,17800.0,19769214.086914062,-0.04600520115994576,0.004213147448534502,-0.02089602685570563
2009-11-27,490.6,1091.489990234375,17800.0,19428521.826171875,-0.02575595087682647,-0.01738369996793421,-0.02156982542238034
2009-11-30,504.1,1095.6300048828125,18227.0,19970048.098999023,0.027145529264196142,0.027491372374821937,0.027318450819509038
2009-12-01,514.9,1108.8599853515625,18099.0,20069256.87487793,0.02119804596351046,0.004955579472340628,0.013076812717925546
2009-12-02,499.1,1109.239990234375,18267.0,20262486.901611328,-0.03116623057653197,0.009582105166651696,-0.010792062704940137
2009-12-03,494.8,1099.9200439453125,18425.0,20266026.809692383,-0.008652835957230784,0.00017468728881956468,-0.004239074334205609
2009-12-04,495.0,1105.97998046875,18420.0,20372151.240234375,0.0004041220503574785,0.005222905006052795,0.002813513528205137
2009-12-07,499.0,1103.25,18200.0,20079150.0,0.008048333182828415,-0.014486869671214236,-0.0032192682441929106
2009-12-08,488.5,1091.93994140625,18584.0,20292611.87109375,-0.0212666242686812,0.01057490931584231,-0.005345857476419445
2009-12-09,470.6,1095.949951171875,18201.0,19947385.061279297,-0.03733099518957522,-0.017158812443859594,-0.02724490381671741
2009-12-10,458.7,1102.3499755859375,18204.0,20067178.955566406,-0.02561207469013587,0.005987532545708684,-0.009812271072213594
2009-12-11,444.2,1106.4100341796875,18396.0,20353518.98876953,-0.032121490142799296,0.014168227552194284,-0.008976631295302507
2009-12-14,458.4,1114.1099853515625,18200.0,20276801.733398438,0.03146725394020282,-0.003776359387711016,0.013845447276245901
2009-12-15,459.4,1107.9300537109375,18420.0,20408071.58935547,0.0021791248544679918,0.006453027907394921,0.004316076380931457
2009-12-16,442.1,1109.1800537109375,18085.0,20059521.271362305,-0.03838518942280024,-0.017226571328191723,-0.02780588037549598
2009-12-17,434.9,1096.0799560546875,18188.0,19935502.240722656,-0.01641998122860492,-0.0062017429793291045,-0.011310862103967012
2009-12-18,443.3,1102.469970703125,18193.0,20057236.177001953,0.019130622147415247,0.006087820792783316,0.012609221470099281
2009-12-21,461.0,1114.050048828125,18193.0,20267912.538330078,0.03915130124564076,0.010448977120226209,0.024800139182933483
2009-12-22,465.2,1118.02001953125,18425.0,20599518.85986328,0.009069377647860857,0.016228746860128488,0.012649062253994672
2009-12-23,470.8,1120.5899658203125,18420.0,20641267.170410156,0.011965954741612432,0.0020246134385976324,0.006995284090105032
2009-12-24,479.1,1126.47998046875,18196.0,20497429.724609375,0.017475968502954808,-0.0069928336476784165,0.005241567427638196
2009-12-28,492.6,1127.780029296875,18425.0,20779347.039794922,0.02778814179736106,0.013660063649483726,0.020724102723422393
2009-12-29,484.5,1126.199951171875,18420.0,20744603.100585938,-0.016580054355616693,-0.001673441336848647,-0.00912674784623267
2009-12-30,495.4,1126.4200439453125,18405.0,20731760.908813477,0.02224808572443824,-0.0006192535189409901,0.010814416102748624
