date,open,high,low,close,volume
2007-01-02,751,751,741,741,3693510
2007-01-03,745,758,745,758,4130670
2007-01-04,784,789,784,789,5532130
2007-01-05,818,819,818,819,7384850
2007-01-08,840,840,825,825,8073810
2007-01-09,845,845,841,845,7047800
2007-01-10,865,867,865,866,6069400
2007-01-11,887,887,885,885,6893080
2007-01-12,914,915,914,915,7248120
2007-01-15,942,947,942,947,6166570
2007-01-16,986,986,984,984,6933830
2007-01-17,1013,1013,965,965,9078140
2007-01-18,947,983,947,983,9331520
2007-01-19,1024,1024,1023,1023,6520700
2007-01-22,1044,1044,1028,1028,8562450
2007-01-23,1040,1041,1040,1041,5932240
2007-01-24,1050,1050,1016,1016,6023860
2007-01-25,992,992,989,989,8412580
2007-01-26,967,975,967,975,10042750
2007-01-29,977,996,977,996,7288420
2007-01-30,1021,1024,1021,1022,7195200
2007-01-31,1044,1044,1041,1041,7517290
2007-02-01,1066,1066,1049,1049,11184580
2007-02-02,1075,1075,1075,1075,7072960
2007-02-05,1091,1091,1059,1059,9289180
2007-02-06,1059,1091,1059,1091,7724800
2007-02-07,1084,1096,1084,1096,7596040
2007-02-08,1059,1059,1053,1053,6811910
2007-02-09,1011,1031,1010,1031,7846490
2007-02-12,1041,1054,1041,1054,7530200
2007-02-13,1082,1082,1074,1074,6644140
2007-02-14,1078,1078,1073,1073,6261450
2007-02-15,1072,1083,1072,1083,6289500
2007-02-26,1121,1129,1121,1129,7470640
2007-02-27,1174,1174,1167,1167,8364940
2007-02-28,1160,1160,1136,1138,11260450
2007-03-01,1148,1148,1123,1123,8693690
2007-03-02,1131,1148,1131,1148,10012890
2007-03-05,1165,1165,1159,1159,8161480
2007-03-06,1140,1140,1133,1133,8381450
2007-03-07,1139,1139,1132,1132,6944050
2007-03-08,1140,1142,1139,1142,8157060
2007-03-09,1169,1169,1156,1156,9229710
2007-03-12,1179,1179,1171,1171,9053740
2007-03-13,1179,1179,1154,1158,10851540
2007-03-14,1135,1135,1114,1114,8755970
2007-03-15,1073,1073,1066,1066,6288720
2007-03-16,1089,1110,1089,1110,8352030
2007-03-19,1152,1152,1133,1133,8781590
2007-03-20,1134,1134,1117,1117,8193710
2007-03-21,1117,1117,1112,1112,8446900
2007-03-22,1108,1108,1100,1100,7559950
2007-03-23,1097,1097,1091,1091,6986600
2007-03-26,1085,1085,1071,1072,6062450
2007-03-27,1050,1050,1034,1034,5468080
2007-03-28,999,1032,999,1032,7309470
2007-03-29,1050,1069,1050,1069,6852240
2007-03-30,1091,1091,1071,1071,8359290
2007-04-02,1059,1062,1055,1055,6785410
2007-04-03,1031,1031,1027,1028,4217300
2007-04-04,1031,1051,1031,1051,4504010
2007-04-05,1059,1059,1049,1049,4562630
2007-04-06,1034,1034,1033,1034,4032090
2007-04-09,1041,1041,1040,1041,2979000
2007-04-10,1045,1045,1040,1040,3795820
2007-04-11,1037,1037,1035,1035,2734500
2007-04-12,1031,1031,1028,1028,3650020
2007-04-13,1026,1026,1013,1013,4166330
2007-04-16,998,998,983,983,4711750
2007-04-17,969,969,966,966,4775440
2007-04-18,980,1001,980,1001,3680490
2007-04-19,1015,1015,998,998,6484600
2007-04-20,982,982,969,969,4305390
2007-04-23,941,941,931,931,3412900
2007-04-24,907,908,906,906,4345970
2007-04-25,904,924,904,924,4410190
2007-05-02,933,935,933,935,3997310
2007-05-03,939,941,937,937,3204810
2007-05-04,941,947,941,947,2695500
2007-05-07,969,984,969,984,4465590
2007-05-08,1017,1017,1015,1015,5431280
2007-05-09,1030,1030,1020,1020,6030250
2007-05-10,1026,1026,1020,1020,3842610
2007-05-11,1022,1040,1022,1040,4251680
2007-05-14,1062,1066,1062,1066,5233040
2007-05-15,1069,1069,1055,1055,5565560
2007-05-16,1052,1052,1041,1041,4738670
2007-05-17,1039,1060,1039,1060,4965380
2007-05-18,1063,1067,1063,1067,5430620
2007-05-21,1078,1085,1078,1085,5458280
2007-05-22,1103,1108,1103,1108,7138500
2007-05-23,1128,1128,1113,1113,8006120
2007-05-24,1102,1102,1085,1085,5775610
2007-05-25,1074,1090,1074,1090,5820630
2007-05-28,1113,1113,1099,1099,5650020
2007-05-29,1103,1103,1094,1094,5961530
2007-05-30,1081,1081,1078,1078,4697360
2007-05-31,1088,1088,1081,1081,5168490
2007-06-01,1086,1086,1077,1077,5187070
2007-06-04,1074,1074,1062,1062,4764980
2007-06-05,1052,1052,1040,1040,5462140
2007-06-06,1040,1045,1039,1045,6158370
2007-06-07,1058,1061,1058,1060,4865430
2007-06-08,1067,1067,1055,1057,7527410
2007-06-11,1042,1042,1037,1041,4957650
2007-06-12,1035,1037,1035,1037,5085160
2007-06-13,1036,1039,1034,1039,5546620
2007-06-14,1044,1044,1043,1043,5896260
2007-06-15,1051,1051,1048,1048,5318510
2007-06-18,1046,1047,1044,1044,5665300
2007-06-19,1048,1050,1048,1050,6054960
2007-06-20,1051,1051,1045,1045,6392950
2007-06-21,1044,1044,1034,1034,5177010
2007-06-22,1031,1037,1031,1034,5305310
2007-06-25,1048,1048,1044,1044,4397100
2007-06-26,1064,1064,1054,1056,4983050
2007-06-27,1057,1057,1033,1033,4316970
2007-06-28,1024,1025,1024,1024,3977940
2007-06-29,1021,1025,1021,1025,4008410
2007-07-02,1016,1016,994,994,5471790
2007-07-03,976,977,975,977,5479910
2007-07-04,996,1014,996,1014,4746820
2007-07-05,1014,1014,1013,1013,5218240
2007-07-06,1008,1011,1008,1011,3482520
2007-07-09,1004,1010,1004,1010,3773850
2007-07-10,1015,1023,1015,1023,4656500
2007-07-11,1032,1033,1030,1030,4754480
2007-07-12,1026,1026,1018,1018,4243210
2007-07-13,1011,1016,1011,1016,4211130
2007-07-16,1005,1005,996,996,3994340
2007-07-17,996,1001,996,1000,4000980
2007-07-18,999,999,995,995,4025070
2007-07-19,991,991,984,984,3531300
2007-07-20,980,982,980,981,4692360
2007-07-24,982,984,982,982,5067280
2007-07-25,975,975,971,973,4496420
2007-07-26,966,966,956,956,3432540
2007-07-27,946,946,940,940,3392690
2007-07-30,928,932,925,925,2204160
2007-07-31,906,908,896,908,4511310
2007-08-01,905,926,904,923,4813010
2007-08-02,927,927,911,911,4692420
2007-08-03,895,898,893,893,3803430
2007-08-06,893,894,884,884,3231500
2007-08-07,891,899,890,897,3517070
2007-08-08,903,910,901,910,4070630
2007-08-09,923,938,922,938,4646490
2007-08-10,942,942,925,936,5382520
2007-08-13,916,917,909,909,3245980
2007-08-14,913,923,913,923,3588960
2007-08-15,918,918,913,915,2999350
2007-08-16,904,908,900,900,3582160
2007-08-17,887,890,886,888,3822720
2007-08-20,876,890,875,890,4452350
2007-08-21,897,900,893,896,5507240
2007-08-22,899,899,892,892,4204280
2007-08-23,892,892,886,888,4871050
2007-08-24,897,905,897,905,6780190
2007-08-27,911,911,907,909,5587740
2007-08-28,905,906,901,903,4675530
2007-08-29,896,901,894,901,4838170
2007-08-30,901,905,899,904,4098470
2007-08-31,905,910,905,908,6264420
2007-09-04,920,930,920,930,5673710
2007-09-05,939,939,926,926,6789000
2007-09-06,926,928,926,928,6233390
2007-09-07,930,934,930,934,6208740
2007-09-10,933,933,927,927,5534110
2007-09-11,925,925,920,920,5771660
2007-09-12,923,924,921,921,6332870
2007-09-13,921,921,921,921,4870380
2007-09-14,924,930,924,930,5115070
2007-09-17,932,935,932,935,5543960
2007-09-18,934,935,934,935,6276630
2007-09-19,943,946,943,946,6464750
2007-09-20,961,964,961,964,9618100
2007-09-21,965,965,959,959,10347010
2007-09-24,968,976,968,976,9424070
2007-09-25,1006,1010,1006,1010,12021490
2007-09-26,1030,1030,1015,1016,13588520
2007-09-27,1012,1014,1012,1014,10897620
2007-09-28,1031,1047,1031,1047,14138920
2007-10-01,1073,1084,1073,1084,13331540
2007-10-02,1097,1099,1092,1099,16073350
2007-10-03,1099,1107,1099,1107,13407700
2007-10-04,1108,1108,1088,1088,14169190
2007-10-05,1087,1087,1082,1082,13753700
2007-10-08,1085,1088,1085,1085,12581270
2007-10-09,1093,1097,1093,1097,13341890
2007-10-10,1111,1111,1105,1105,11789350
2007-10-11,1107,1107,1099,1099,11307770
2007-10-12,1098,1105,1098,1105,12763490
2007-10-15,1104,1105,1104,1105,11317810
2007-10-16,1107,1107,1104,1104,11844080
2007-10-17,1106,1107,1101,1101,12719330
2007-10-18,1095,1095,1089,1089,12882280
2007-10-19,1078,1097,1078,1097,11134710
2007-10-22,1092,1092,1086,1086,9799430
2007-10-23,1079,1079,1075,1075,9980580
2007-10-24,1080,1096,1080,1096,10044240
2007-10-25,1103,1103,1096,1096,11323150
2007-10-26,1095,1095,1092,1092,11370340
2007-10-29,1078,1078,1064,1064,14098100
2007-10-30,1068,1071,1068,1070,11226940
2007-10-31,1066,1072,1065,1065,10967620
2007-11-01,1074,1079,1073,1076,10069520
2007-11-02,1075,1075,1067,1067,10449640
2007-11-05,1045,1055,1045,1047,13976900
2007-11-06,1037,1037,1032,1032,11111590
2007-11-07,1026,1037,1026,1031,12822220
2007-11-08,1032,1034,1024,1026,8231280
2007-11-09,1012,1018,1011,1018,11505820
2007-11-12,1012,1015,1006,1006,9424150
2007-11-13,999,999,974,974,12839120
2007-11-14,987,1008,987,994,12808490
2007-11-15,1007,1008,1000,1003,12715190
2007-11-16,996,1001,996,998,8028320
2007-11-19,996,999,996,999,6406450
2007-11-20,984,987,983,984,7086490
2007-11-21,964,972,964,971,8405070
2007-11-22,978,984,976,977,7226680
2007-11-23,979,981,974,976,6357310
2007-11-26,982,991,981,991,9189060
2007-11-27,999,999,988,988,7979180
2007-11-28,989,990,985,985,6779460
2007-11-29,985,987,980,980,6741150
2007-11-30,973,980,972,972,8267420
2007-12-03,978,988,978,988,8220190
2007-12-04,991,993,989,989,9313430
2007-12-05,982,982,976,976,7609570
2007-12-06,974,974,971,974,5878330
2007-12-07,970,977,970,975,6455380
2007-12-10,967,968,958,958,6210520
2007-12-11,949,949,941,941,7389530
2007-12-12,936,953,936,946,7460800
2007-12-13,942,942,930,930,5793160
2007-12-14,924,928,922,922,5404390
2007-12-17,919,920,911,911,5599770
2007-12-18,911,920,910,920,7068380
2007-12-19,933,947,933,947,8299280
2007-12-20,949,949,930,930,7018570
2007-12-21,930,936,930,935,6655160
2007-12-24,934,935,930,931,5457610
2007-12-25,925,925,918,918,5831860
2007-12-26,917,924,916,924,5510840
2007-12-27,923,925,922,922,5449580
2007-12-28,921,927,921,927,5296830
2008-01-02,926,926,921,921,4543630
2008-01-03,914,915,908,908,4850620
2008-01-04,905,905,903,903,4409690
2008-01-07,900,900,884,887,6177560
2008-01-08,893,899,893,894,5919770
2008-01-09,889,889,878,878,6115760
2008-01-10,858,859,850,850,10101130
2008-01-11,861,868,860,861,7088110
2008-01-14,859,859,841,841,7000570
2008-01-15,819,820,808,809,9382680
2008-01-16,836,846,835,846,9010790
2008-01-17,862,862,831,834,9950270
2008-01-18,831,847,828,847,5602330
2008-01-21,839,839,834,834,5195510
2008-01-22,808,813,808,808,7393800
2008-01-23,786,787,775,777,8336830
2008-01-24,786,791,764,764,8074170
2008-01-25,764,779,763,776,6206740
2008-01-28,782,785,776,785,6407110
2008-01-29,787,812,786,812,8662410
2008-01-30,845,849,843,843,10961810
2008-01-31,832,844,826,844,12386380
2008-02-01,854,860,852,860,10929330
2008-02-12,857,857,840,841,6027010
2008-02-13,831,831,818,818,7012110
2008-02-14,824,833,823,823,7075510
2008-02-15,821,821,814,816,5580320
2008-02-18,785,786,781,783,11864060
2008-02-19,764,781,764,777,8701260
2008-02-20,775,776,745,745,9454220
2008-02-21,712,712,710,710,7424120
2008-02-22,678,687,678,687,13878440
2008-02-25,706,715,706,715,11418200
2008-02-26,715,715,693,693,11049330
2008-02-27,681,705,681,686,8388650
2008-02-28,688,689,678,678,8434530
2008-02-29,670,672,662,663,10351870
2008-03-03,646,646,634,635,9393810
2008-03-04,608,609,606,609,6939890
2008-03-05,581,583,580,583,9009920
2008-03-06,610,611,610,611,8845120
2008-03-07,638,640,638,640,8169220
2008-03-10,668,669,658,658,23093020
2008-03-11,643,644,639,639,13842800
2008-03-12,632,654,632,644,12166910
2008-03-13,655,655,645,648,8930090
2008-03-14,640,644,640,644,8379060
2008-03-17,623,624,616,616,10225420
2008-03-18,589,590,588,588,7662260
2008-03-19,585,592,573,573,17338000
2008-03-20,568,576,565,565,9957530
2008-03-21,553,554,546,546,10334890
2008-03-24,525,525,521,521,7352510
2008-03-25,497,497,497,497,6675490
2008-03-26,495,505,495,505,17917220
2008-03-27,508,509,508,509,5568080
2008-03-28,512,513,512,513,2589490
2008-03-31,517,517,517,517,2153030
2008-04-01,521,521,521,521,1426080
2008-04-02,524,525,524,525,705040
2008-04-03,528,529,528,529,829010
2008-04-04,532,533,532,533,785120
2008-04-07,541,542,541,542,1927800
2008-04-08,551,551,544,549,24373260
2008-04-09,552,552,550,552,10436750
2008-04-10,549,549,544,546,8146560
2008-04-11,538,539,537,539,7557750
2008-04-16,531,532,530,531,5543290
2008-04-17,524,538,523,538,11660700
2008-04-18,540,540,535,537,9533570
2008-04-21,535,535,533,535,4993620
2008-04-22,530,531,529,531,4028030
2008-04-23,524,524,522,522,4324350
2008-04-24,515,518,515,518,6461260
2008-04-25,514,516,514,516,6838240
2008-04-28,515,520,514,519,8410120
2008-04-29,524,524,520,522,8894480
2008-05-05,523,524,521,521,4725790
2008-05-06,518,518,516,518,4989110
2008-05-07,515,515,511,515,5898390
2008-05-08,507,508,506,508,4312830
2008-05-09,500,500,500,500,2739340
2008-05-12,493,493,492,492,2156610
2008-05-13,485,485,484,484,1041790
2008-05-14,477,477,476,476,900580
2008-05-15,469,469,467,467,1347360
2008-05-16,460,462,459,460,7625620
2008-05-19,454,456,454,456,3316000
2008-05-20,450,450,449,449,2556160
2008-05-21,442,442,442,442,2559880
2008-05-22,436,436,435,435,2811850
2008-05-23,428,428,428,428,3140160
2008-05-26,422,422,421,421,1486410
2008-05-30,414,414,414,414,2664330
2008-06-02,408,408,408,408,1075090
2008-06-03,402,402,401,401,1036240
2008-06-04,396,396,395,396,1261860
2008-06-05,391,391,390,390,1255200
2008-06-06,385,385,384,384,1535360
2008-06-09,380,380,379,379,870500
2008-06-10,374,374,373,373,1148220
2008-06-11,368,371,368,370,10250660
2008-06-12,369,371,368,371,6190740
2008-06-13,371,374,371,373,9861360
2008-06-16,376,379,376,378,11087640
2008-06-17,384,385,384,385,7082560
2008-06-18,389,389,381,382,21154850
2008-06-19,373,373,373,373,5080040
2008-06-20,365,366,364,366,6878720
2008-06-23,367,370,367,369,9257330
2008-06-24,373,376,373,376,6483900
2008-06-25,382,384,382,384,6571390
2008-06-26,393,393,383,386,13494960
2008-06-27,385,393,385,393,7734100
2008-06-30,395,399,395,399,6897900
2008-07-01,406,410,406,410,8021730
2008-07-02,418,420,417,419,12976090
2008-07-03,429,430,429,430,8282900
2008-07-04,441,441,440,440,9995160
2008-07-07,448,448,432,436,24016960
2008-07-08,427,437,426,437,14709440
2008-07-09,439,441,439,440,14047760
2008-07-10,444,447,444,447,12280500
2008-07-11,454,457,454,457,11435280
2008-07-14,466,468,466,468,7858730
2008-07-15,480,480,479,480,9657160
2008-07-16,487,487,477,487,33479690
2008-07-17,493,493,490,490,12929800
2008-07-18,480,487,480,483,25846350
2008-07-21,473,473,470,471,14105170
2008-07-22,461,461,458,458,1647240
2008-07-23,451,451,446,446,1644530
2008-07-24,436,441,434,436,22557110
2008-07-25,428,429,427,429,8888450
2008-07-28,426,435,426,435,13393330
2008-07-29,443,445,443,444,13066180
2008-07-30,448,448,447,448,19066860
2008-07-31,447,451,445,451,12261080
2008-08-01,447,450,446,447,11136740
2008-08-04,439,441,438,439,11514420
2008-08-05,430,430,429,430,9914390
2008-08-06,431,437,431,437,15685970
2008-08-07,447,447,439,439,16138900
2008-08-08,442,444,439,444,13855730
2008-08-11,455,455,454,455,13040980
2008-08-12,464,465,456,460,21698800
2008-08-13,460,465,457,464,19909170
2008-08-14,470,476,470,476,18550500
2008-08-15,489,489,489,489,8824290
2008-08-18,504.14,508.48,504.14,508.05,18106750
2008-08-19,521,521,507,512,32034240
2008-08-20,498,515,498,508,30560540
2008-08-21,513,526,511,526,23831770
2008-08-22,536,537,527,527,21493410
2008-08-25,545,548,543,548,18926500
2008-08-26,568,569,562,562,15598530
2008-08-27,569,576,562,562,28847870
2008-08-28,550,551,547,548,35355960
2008-08-29,533,539,531,539,30771040
2008-09-03,553,559,553,555,16118760
2008-09-04,557,559,550,559,28536610
2008-09-05,551,553,547,547,19832940
2008-09-08,528,536,527,533,34175000
2008-09-09,533,542,525,525,28118610
2008-09-10,530,530,509,514,26037190
2008-09-11,499,500,497,497,15818230
2008-09-12,477,479,475,476,14209980
2008-09-15,470,493,470,477,28895380
2008-09-16,466,466,456,456,15612530
2008-09-17,436,439,436,437,13520670
2008-09-18,417,419,417,419,9997780
2008-09-19,434,439,434,439,23006060
2008-09-22,460,460,460,460,7469270
2008-09-23,456,475,453,466,37296700
2008-09-24,461,466,455,455,12838380
2008-09-25,459,470,459,470,17035000
2008-09-26,490,490,476,484,21646310
2008-09-29,477,487,472,479,18211300
2008-09-30,457,457,457,457,4028610
2008-10-01,463,464,448,454,18501690
2008-10-02,466,467,454,460,14125430
2008-10-03,449,457,449,452,10182880
2008-10-06,437,437,432,434,13695670
2008-10-07,414,415,414,414,9634280
2008-10-08,397,402,397,401,14252100
2008-10-09,390,410,390,398,20550390
2008-10-10,379,382,379,379,15673590
2008-10-13,378,381,371,372,12501440
2008-10-14,382,389,382,389,8214550
2008-10-15,400,400,389,397,23747270
2008-10-16,380,388,380,385,12332640
2008-10-17,386,386,382,383,10877850
2008-10-20,377,378,371,371,10296200
2008-10-21,380,380,373,380,14945820
2008-10-22,370,375,370,375,9635690
2008-10-23,361,363,359,360,12392000
2008-10-24,347,348,345,345,11515800
2008-10-27,329,330,329,329,11916940
2008-10-28,314,323,314,323,15414820
2008-10-29,337,337,329,332,19438910
2008-10-30,330,337,328,337,15482080
2008-10-31,343,347,343,347,11841670
2008-11-03,349,351,344,348,15168130
2008-11-04,349,363,349,361,17931470
2008-11-05,378,378,377,378,14597490
2008-11-06,372,388,370,380,28978580
2008-11-07,366,372,365,366,16803770
2008-11-10,368,372,366,366,14800470
2008-11-11,356,357,351,352,13944010
2008-11-12,339,342,339,342,11596480
2008-11-13,335,348,335,346,13113660
2008-11-14,357,357,352,352,13090700
2008-11-17,347,349,345,345,8717380
2008-11-18,339,342,338,341,9797510
2008-11-19,343,343,337,337,8850100
2008-11-20,327,329,325,326,13949080
2008-11-21,315,322,315,319,15586400
2008-11-24,323,323,317,317,11031670
2008-11-25,320,320,318,320,10384120
2008-11-26,318,318,312,312,9566850
2008-11-27,309,310,304,304,12054370
2008-11-28,311,315,311,315,11575470
2008-12-01,313,317,310,315,9996430
2008-12-02,306,308,306,307,7442530
2008-12-03,308,308,304,306,7526120
2008-12-04,306,311,306,309,9529320
2008-12-05,304,304,299,300,9960810
2008-12-08,292,292,288,289,9817210
2008-12-09,286,293,286,293,8266370
2008-12-10,290,290,287,287,6999430
2008-12-11,286,289,284,289,7254460
2008-12-12,296,300,295,300,11186550
2008-12-15,308,308,304,308,9362850
2008-12-16,306,306,296,296,11430030
2008-12-17,295,302,293,301,10509610
2008-12-18,301,306,300,306,10140760
2008-12-19,305,310,305,307,10763720
2008-12-22,314,315,310,310,10463800
2008-12-23,304,305,302,304,11540100
2008-12-24,299,304,299,304,8447610
2008-12-25,304,304,302,302,6584780
2008-12-26,301,304,300,304,7639350
2008-12-29,306,309,306,309,7568350
2008-12-30,311,316,310,316,13054420
2008-12-31,319,319,314,316,13692890
2009-01-02,312.49,313.34,312.18,313.34,5305000
2009-01-05,308.77,311.91,308.25,311.91,7542850
2009-01-06,312.91,315.02,312.88,314.04,11435090
2009-01-07,320.4,322.59,319.29,319.58,14095390
2009-01-08,315.92,318.79,313.04,314.15,12863470
2009-01-09,313.75,313.82,312.12,313.4,7495830
2009-01-12,311.24,312.65,310.33,312.18,5733900
2009-01-13,308.57,309.16,306.92,307.13,7432920
2009-01-14,306.14,310.33,306.14,307.98,6760660
2009-01-15,304.31,305.54,304.01,304.01,5829210
2009-01-16,305.72,307.1,305.04,306.12,6686790
2009-01-19,305.89,306.38,304.53,304.98,4461740
2009-01-20,303.11,303.53,302.74,302.86,5190080
2009-01-21,300.92,301.97,300.02,300.04,4808310
2009-01-22,300.68,302.29,300.68,301.12,4537350
2009-01-23,300.38,303.21,300.38,303.21,4027570
2009-02-02,301.12,301.29,297.52,297.52,4648400
2009-02-03,291.6,292.18,288.69,288.69,8010140
2009-02-04,286.83,290.99,286.11,286.11,5568690
2009-02-05,284.34,284.34,277.81,277.81,7236650
2009-02-06,279.74,281.63,277.06,281.63,7163930
2009-02-09,285.55,287.83,284.29,287.57,5640640
2009-02-10,282.82,283.15,281.6,282.02,5873970
2009-02-11,275.06,276.71,274.83,276.22,7287020
2009-02-12,275.37,277.83,275.37,276.09,8041900
2009-02-13,274.21,275.29,274.21,274.51,5541050
2009-02-16,274.86,274.91,272.07,272.31,5440700
2009-02-17,268.76,269.3,263.07,263.07,9548010
2009-02-18,255.18,256.74,254.2,255.09,10922920
2009-02-19,257.31,258.21,253.37,254.85,9261080
2009-02-20,252.42,252.57,250.54,252.57,7487330
2009-02-23,247.04,247.64,243.81,244.02,9740090
2009-02-24,236.57,236.7,234.66,235.5,10265110
2009-02-25,241.9,244.46,241.45,244.33,9270120
2009-02-26,241.78,242.76,237.88,242.53,12662640
2009-02-27,239.75,246.06,239.69,245.74,8211690
2009-03-02,244.23,247.74,244.23,247.66,7240370
2009-03-03,241.79,242.51,240.96,241.46,8790690
2009-03-04,243.07,245.37,242.92,244.36,7625520
2009-03-05,249.69,249.69,246.68,246.68,8493410
2009-03-06,244.6,245.7,243.76,245.7,7150480
2009-03-09,246.99,247.85,246.52,247.85,8622580
2009-03-10,249.71,251.88,248,251.88,11931040
2009-03-11,258.42,258.42,255.85,255.85,17125210
2009-03-12,251.87,254.42,249.76,251.01,19311700
2009-03-13,252.55,253.23,251.44,251.44,11705290
2009-03-16,252.68,254.56,252.45,254.56,10710810
2009-03-17,257.6,263.2,257.6,263.2,20664940
2009-03-18,273.29,273.39,272.42,273.39,25942490
2009-03-19,272.81,276.81,267.04,267.04,31972950
2009-03-20,264.76,269.9,264.76,266.62,16469800
2009-03-23,264.86,265.11,260.16,260.16,15290470
2009-03-24,271.2,271.4,269.5,270.6,20094620
2009-03-25,270,278.3,269.6,277.6,26488750
2009-03-26,285.3,286.3,283.3,286.3,25906030
2009-03-27,287.4,292.9,287.4,287.41,34944260
2009-03-30,281.44,287.09,281.06,282.38,23675060
2009-03-31,278.5,280.7,276.6,280.7,22476740
2009-04-01,282.1,289.5,282.1,289.5,19997530
2009-04-02,294,297.3,292.4,297.3,28572200
2009-04-03,306.6,310.3,306.6,310.3,38327280
2009-04-07,313.7,322.4,309.8,322.4,41795600
2009-04-08,316.7,328.5,313.4,313.8,54502480
2009-04-09,316.7,316.7,310,311.7,34216950
2009-04-10,323.7,325.9,323.7,325.1,26476490
2009-04-13,334.43,340.01,334.43,340.01,23603180
2009-04-14,344.2,347.8,339.2,347.1,52174170
2009-04-15,344.1,347.8,338.6,339.3,60394430
2009-04-16,346.2,346.2,339.7,343.9,43725200
2009-04-17,341.2,341.2,329.3,334.1,67675990
2009-04-20,334.1,334.1,318.9,318.9,17434080
2009-04-21,309.8,312.8,305,312.8,26530510
2009-04-22,313.9,323.9,313.9,321.9,51332890
2009-04-23,320.5,324.9,315.2,315.2,28621050
2009-04-24,308.6,309.9,304.5,309.9,28158260
2009-04-27,315.6,316.8,311.1,313.7,20573570
2009-04-28,310.4,315.7,310.4,315.7,21107590
2009-04-29,315.7,321.6,315.4,321.6,25323680
2009-05-04,336.3,336.6,336.3,336.6,12271080
2009-05-05,352.5,352.6,351.1,351.3,25136930
2009-05-06,355.2,357.5,348.8,350.1,77884110
2009-05-07,358,364.5,358,363.9,41021160
2009-05-08,363.9,370.7,363.9,366.2,47862640
2009-05-11,371.3,376.9,370.4,373,42913300
2009-05-12,374.1,382.1,371.1,382,43794340
2009-05-13,381.6,386.3,378.3,378.3,50512690
2009-05-14,373.4,376.8,368.1,376.8,52400040
2009-05-15,379.4,390.2,379.4,390.2,49849470
2009-05-18,390.4,395.4,390.4,390.9,49053340
2009-05-19,399.6,404.4,399.3,400.9,49444330
2009-05-20,402.4,412.2,402.4,410.4,56801480
2009-05-21,410.9,416.9,410.9,412.5,58775070
2009-05-22,408.3,410.3,400.9,404.6,69900520
2009-05-25,409.5,422.1,409.5,421.8,43316520
2009-05-26,425.1,429.9,424,425,53017890
2009-05-27,426.5,431.4,423.2,425.2,56729360
2009-05-28,421.9,421.9,414.7,415.5,46833530
2009-05-29,419.4,420.3,409,411.6,47651740
2009-06-01,418.8,427.6,418.4,426.4,40514250
2009-06-02,436,446.1,436,440.6,50497500
2009-06-03,443.2,447.3,442.6,444.8,55648910
2009-06-04,446.2,458.4,446.2,458.2,58348320
2009-06-05,464.7,479.2,464.7,478.7,43781850
2009-06-08,489,501.5,489,501.5,27903790
2009-06-09,503.7,514.7,503.7,512.5,75303970
2009-06-10,509.1,510.3,494.6,497.5,100161160
2009-06-11,499.7,514.4,499.7,511.3,62586370
2009-06-12,520,525,509,510,64516980
2009-06-15,506,506,487.3,493.5,72622120
2009-06-16,477.5,477.5,471.1,472,44881890
2009-06-17,465.3,472.5,455.8,472.5,67012440
2009-06-18,476.6,487.6,474.7,479.3,55720310
2009-06-19,485.8,486.9,472.1,475.2,48715940
2009-06-22,462,464,456.4,458.1,40227350
2009-06-23,442.5,442.5,437.5,438.6,29760100
2009-06-24,440.7,457.5,440.7,456.2,50251550
2009-06-25,471.4,471.4,453.3,453.8,51981940
2009-06-26,453.5,461.4,453.5,461.4,36532970
2009-06-29,462,466,459.7,460.4,27093160
2009-06-30,462.5,462.5,447.7,448.3,37731500
2009-07-01,439.6,439.6,429.5,430,41192040
2009-07-02,427.9,436.9,422.4,433.8,40024850
2009-07-03,425.1,435.4,425.1,435.4,26028070
2009-07-06,442.4,454.3,442.4,454.3,30172190
2009-07-07,450.5,455.4,447.2,447.6,34163560
2009-07-08,443,449,440.4,446.8,31759960
2009-07-09,450.1,452.1,445.4,446.4,26736780
2009-07-10,445.8,446,437.3,438.8,33859940
2009-07-13,435.8,435.8,426.7,426.7,29376180
2009-07-14,425.1,425.5,415.8,418.6,31746010
2009-07-15,424.1,430.8,424.1,427.1,21987390
2009-07-16,438.1,440.4,432.2,433.5,29207090
2009-07-17,431.9,431.9,427.8,428.7,23368410
2009-07-20,415,415,411,413,28422960
2009-07-21,413,418,412,416,25452050
2009-07-22,423,423,419,419,19832810
2009-07-23,418,434,417,434,24900050
2009-07-24,445,455,445,455,26118290
2009-07-27,462,470,460,470,60803472
2009-07-28,467,473,463,463,60977440
2009-07-29,464,470,458,458,35239060
2009-07-30,452,455,445,452,31316060
2009-07-31,458,467,458,467,38149980
2009-08-03,467,473,465,468,34165192
2009-08-04,475,478,473,477,45312632
2009-08-05,474,481,472,481,40595392
2009-08-06,482,491,481,481,59927752
2009-08-07,480,483,479,481,41578608
2009-08-10,486,492,484,491,46840640
2009-08-11,491,495,490,494,49879728
2009-08-12,499,502,497,497,63934680
2009-08-13,502,507,502,504,69285928
2009-08-14,504,509,503,507,55223432
2009-08-17,505,509,500,500,43957072
2009-08-18,497,502,495,500,47360260
2009-08-19,505,508,503,508,44448020
2009-08-20,514,515,510,514,59584128
2009-08-21,522,530,519,519,82431504
2009-08-24,522,529,522,528,56972712
2009-08-25,532,532.9,527.1,528.9,61852160
2009-08-26,530,533,526,526,51786912
2009-08-27,527.1,529.7,523.2,527,48910280
2009-08-28,533.6,536.5,530.7,536.5,55761450
2009-08-31,541.9,547.4,541.9,546.8,70558540
2009-09-01,545.1,549.6,542.4,547.7,71738760
2009-09-03,541,548.4,539.5,540.8,67326860
2009-09-04,543,544.3,528.5,528.5,78237490
2009-09-07,528,528,513,525,59664472
2009-09-08,530,538.6,529.8,537.8,47440160
2009-09-09,539.9,542,536.1,536.1,54559910
2009-09-10,535.5,541.9,535.4,540.2,52585190
2009-09-11,549,549.6,547.8,548,62070160
2009-09-14,551.7,559.7,551.7,556.6,63884330
2009-09-15,558.4,562.2,553.3,556.8,70639090
2009-09-16,560.5,562.5,557,557,67280870
2009-09-17,559.4,564.2,553.2,561.2,73312740
2009-09-18,561.7,571,561.7,571,64250690
2009-09-21,578.3,581,578,578,66601440
2009-09-22,578.6,585.5,577.9,582.9,74148460
2009-09-23,587.4,594.3,582.1,582.1,90293410
2009-09-24,576.8,583.6,572.2,574.8,71689340
2009-09-25,574.1,582.8,574.1,582.8,75909160
2009-09-28,585.8,590.9,582,582,74504370
2009-09-29,582.1,587.9,581.2,582.6,83780450
2009-09-30,583.2,586.3,578.3,580.9,73157260
2009-10-01,581.8,581.8,569,569,63138620
2009-10-02,553,556.2,544.3,549.7,75683670
2009-10-05,553.2,556.6,543.2,549,45597460
2009-10-06,554.1,557.1,550.5,552,42688800
2009-10-07,560.8,569.6,560.2,566.4,44421430
2009-10-08,570.5,571.8,566,571.8,50705230
2009-10-09,575.4,582.5,575.4,582,68279880
2009-10-12,588.7,595.7,587.1,594.3,73675180
2009-10-13,594.2,597.4,589.5,589.9,83920770
2009-10-14,590.8,605.7,590.8,605.7,83222940
2009-10-15,612,626.1,612,617.4,104311820
2009-10-16,616.4,619.5,609.5,609.5,120589600
2009-10-19,609,612,605.8,607.1,84897460
2009-10-20,615.3,617.1,613.6,616.6,84096760
2009-10-21,617.1,622.3,614.7,618.5,89702430
2009-10-22,619.5,625,619.1,624.1,91558350
2009-10-23,626.1,633.2,615.7,615.2,132971030
2009-10-26,615.6,623.7,608.3,609.3,83571370
2009-10-27,602.6,602.6,590.7,596.8,91426150
2009-10-28,603,604.8,596.4,599.9,65818350
2009-10-29,584.6,585.6,575.7,581.5,81981880
2009-10-30,590.9,594.7,583.8,587.1,65073020
2009-11-02,565.9,565.9,560,561.7,59125540
2009-11-03,557.1,557.1,539.5,539.7,60889670
2009-11-04,537.8,550.3,533.2,537.5,57252090
2009-11-05,545.6,556.6,542.3,555.5,54111090
2009-11-06,565.7,569.7,554.9,554.9,56748600
2009-11-09,544.9,547.3,534.1,534.1,45671980
2009-11-10,534.8,535.7,520,524.4,49635330
2009-11-11,526.3,537.6,523.1,537.6,41947360
2009-11-12,541.4,550.8,540.6,546,48062340
2009-11-13,540.6,549.2,536.9,548.2,45700040
2009-11-16,551,554.5,545.7,545.7,45902840
2009-11-17,549.2,550.1,543.6,547.1,49226020
2009-11-18,547.2,553.8,544,553.8,49824400
2009-11-19,547.2,553.8,544,560.1,60726660
2009-11-20,558,562,554,556,50624352
2009-11-23,552,553,537,537,47413320
2009-11-24,535.6,538.8,526.9,527.1,42008390
2009-11-25,519.7,519.7,503.2,503.4,60847670
2009-11-26,495.6,495.6,479.4,482.6,36424610
2009-11-27,464.7,503.1,461.5,490.6,65417960
2009-11-30,494.1,506.7,494.1,504.1,34800450
2009-12-01,513.4,518.3,512.2,514.9,39262100
2009-12-02,507.5,514.8,499.1,499.1,51565700
2009-12-03,494.6,502.1,485.6,494.8,40216680
2009-12-04,499.9,500,493.4,495,32537850
2009-12-07,495,499,492,499,25273370
2009-12-08,494.6,496,485.6,488.5,30935120
2009-12-09,473.3,474.6,468.4,470.6,44510490
2009-12-10,474.6,474.6,458.7,458.7,36521640
2009-12-11,450.6,452.5,442.6,444.2,37826570
2009-12-14,449.3,460.8,447.9,458.4,39709410
2009-12-15,458.4,463.4,454.8,459.4,28402360
2009-12-16,452.2,452.2,440.2,442.1,32984570
2009-12-17,432.4,436.4,427.1,434.9,34934340
2009-12-18,440.9,449.6,440.9,443.3,49000880
2009-12-21,457.1,461,452.6,461,31555620
2009-12-22,468,470.9,462.9,465.2,42855110
2009-12-23,464.1,471.4,463.3,470.8,34958360
2009-12-24,469.2,479.1,464.4,479.1,43905410
2009-12-25,487.9,495.8,487.2,495.1,50134080
2009-12-28,490.7,499,485.8,492.6,44222100
2009-12-29,487.6,493.7,483.8,484.5,41765310
2009-12-30,483.1,495.4,483.1,495.4,50427540
